app_user,table,in_csv,in_sql,status
auth_app_user,eqms_action_master_lk,YES,YES,MATCHED
auth_app_user,eqms_activity_lk,YES,YES,MATCHED
auth_app_user,eqms_context_types,YES,YES,MATCHED
auth_app_user,eqms_form,YES,YES,MATCHED
auth_app_user,eqms_form_action_wf_status_mapping,YES,YES,MATCHED
auth_app_user,eqms_form_control_actions,YES,YES,MATCHED
auth_app_user,eqms_form_controls,YES,YES,MATCHED
auth_app_user,eqms_form_dependencies,YES,YES,MATCHED
auth_app_user,eqms_form_dependency_type_lk,YES,YES,MATCHED
auth_app_user,eqms_form_menu_mapping,YES,YES,MATCHED
auth_app_user,eqms_form_task_group_mapping,YES,YES,MATCHED
auth_app_user,eqms_form_type_lk,YES,YES,MATCHED
auth_app_user,eqms_login_result_lk,YES,YES,MATCHED
auth_app_user,eqms_menu_activity_access,YES,YES,MATCHED
auth_app_user,eqms_menu_instance,YES,YES,MATCHED
auth_app_user,eqms_menu_lk,YES,YES,MATCHED
auth_app_user,eqms_menu_type_lk,YES,YES,MATCHED
auth_app_user,eqms_object,YES,YES,MATCHED
auth_app_user,eqms_object_attributes,YES,YES,MATCHED
auth_app_user,eqms_object_attributes_history,YES,YES,MATCHED
auth_app_user,eqms_object_context,YES,YES,MATCHED
auth_app_user,eqms_object_policy_mapper,YES,YES,MATCHED
auth_app_user,eqms_organization_employee,YES,YES,MATCHED
auth_app_user,eqms_policy,YES,YES,MATCHED
auth_app_user,eqms_policy_actions,YES,YES,MATCHED
auth_app_user,eqms_policy_attributes,YES,YES,MATCHED
auth_app_user,eqms_project_instance_header,YES,YES,MATCHED
auth_app_user,eqms_role_menu_activity_access,YES,YES,MATCHED
auth_app_user,eqms_roles_lk,YES,YES,MATCHED
auth_app_user,eqms_user_attributes,YES,YES,MATCHED
auth_app_user,eqms_user_attributes_history,YES,YES,MATCHED
auth_app_user,eqms_user_authentication_refresh_token,YES,YES,MATCHED
auth_app_user,eqms_user_contact,YES,YES,MATCHED
auth_app_user,eqms_user_login_tracking,YES,YES,MATCHED
auth_app_user,eqms_user_pin,YES,YES,MATCHED
auth_app_user,eqms_user_pin_history,YES,YES,MATCHED
auth_app_user,eqms_user_roles,YES,YES,MATCHED
auth_app_user,eqms_user_status_lk,YES,YES,MATCHED
auth_app_user,eqms_user_verification,YES,YES,MATCHED
auth_app_user,eqms_users,YES,YES,MATCHED
auth_app_user,eqms_users_history,YES,YES,MATCHED
dms_app_user,eqms_component_record,YES,YES,MATCHED
dms_app_user,eqms_component_record_history,YES,YES,MATCHED
dms_app_user,eqms_compressed_files,YES,YES,MATCHED
dms_app_user,eqms_compressed_files_history,YES,YES,MATCHED
dms_app_user,eqms_document,YES,YES,MATCHED
dms_app_user,eqms_document_history,YES,YES,MATCHED
dms_app_user,eqms_document_sections,YES,YES,MATCHED
dms_app_user,eqms_document_template,YES,YES,MATCHED
dms_app_user,eqms_document_template_api_details,YES,YES,MATCHED
dms_app_user,eqms_document_template_form_mapping,YES,YES,MATCHED
dms_app_user,eqms_document_template_form_mapping_history,YES,YES,MATCHED
dms_app_user,eqms_document_template_history,YES,YES,MATCHED
dms_app_user,eqms_document_template_magic_read_details,YES,YES,MATCHED
dms_app_user,eqms_document_template_type_lk,YES,YES,MATCHED
dms_app_user,eqms_document_template_variable,YES,YES,MATCHED
dms_app_user,eqms_document_template_variable_transformation_rules,YES,YES,MATCHED
dms_app_user,eqms_document_type_lk,YES,YES,MATCHED
dms_app_user,eqms_document_variable_mapper,YES,YES,MATCHED
dms_app_user,eqms_document_variable_mapper_history,YES,YES,MATCHED
dms_app_user,eqms_document_variable_operation,YES,YES,MATCHED
dms_app_user,eqms_document_variables,YES,YES,MATCHED
dms_app_user,eqms_document_variables_history,YES,YES,MATCHED
dms_app_user,eqms_file,YES,YES,MATCHED
dms_app_user,eqms_file_category_lk,YES,YES,MATCHED
dms_app_user,eqms_file_history,YES,YES,MATCHED
dms_app_user,eqms_file_tags,YES,YES,MATCHED
dms_app_user,eqms_file_tags_history,YES,YES,MATCHED
dms_app_user,eqms_file_type_lk,YES,YES,MATCHED
dms_app_user,eqms_generic_details,YES,YES,MATCHED
dms_app_user,eqms_generic_details_history,YES,YES,MATCHED
dms_app_user,eqms_image,YES,YES,MATCHED
dms_app_user,eqms_image_history,YES,YES,MATCHED
dms_app_user,eqms_record,YES,YES,MATCHED
dms_app_user,eqms_record_generation_mode_lk,YES,YES,MATCHED
dms_app_user,eqms_record_generation_type_lk,YES,YES,MATCHED
dms_app_user,eqms_record_generic_details,YES,YES,MATCHED
dms_app_user,eqms_record_generic_details_history,YES,YES,MATCHED
dms_app_user,eqms_record_history,YES,YES,MATCHED
dms_app_user,eqms_record_type_lk,YES,YES,MATCHED
dms_app_user,eqms_record_variable_mapper,YES,YES,MATCHED
dms_app_user,eqms_record_variable_mapper_history,YES,YES,MATCHED
dms_app_user,eqms_record_variables,YES,YES,MATCHED
dms_app_user,eqms_record_variables_history,YES,YES,MATCHED
dms_app_user,eqms_record_verification,YES,YES,MATCHED
dms_app_user,eqms_record_verification_comments,YES,YES,MATCHED
dms_app_user,eqms_record_verification_comments_history,YES,YES,MATCHED
dms_app_user,eqms_record_verification_history,YES,YES,MATCHED
dms_app_user,eqms_tags,YES,YES,MATCHED
dms_app_user,eqms_tags_history,YES,YES,MATCHED
dms_app_user,eqms_timezones,YES,YES,MATCHED
dms_app_user,eqms_video,YES,YES,MATCHED
dms_app_user,eqms_video_history,YES,YES,MATCHED
dnd_app_user,eqms_alarm_type_lk,NO,YES,EXTRA_IN_SQL
dnd_app_user,eqms_assembly_type_lk,YES,YES,MATCHED
dnd_app_user,eqms_bom_assembly_part_details,YES,YES,MATCHED
dnd_app_user,eqms_bom_assembly_part_details_history,YES,YES,MATCHED
dnd_app_user,eqms_bom_assembly_parts,YES,YES,MATCHED
dnd_app_user,eqms_bom_assembly_parts_history,YES,YES,MATCHED
dnd_app_user,eqms_bom_master,YES,YES,MATCHED
dnd_app_user,eqms_bom_master_history,YES,YES,MATCHED
dnd_app_user,eqms_bom_publish_status_lk,YES,YES,MATCHED
dnd_app_user,eqms_bom_snapshot,YES,YES,MATCHED
dnd_app_user,eqms_bom_snapshot_history,YES,YES,MATCHED
dnd_app_user,eqms_bom_type_lk,YES,YES,MATCHED
dnd_app_user,eqms_bom_upload,YES,YES,MATCHED
dnd_app_user,eqms_bom_upload_error_log,YES,YES,MATCHED
dnd_app_user,eqms_bom_upload_error_log_history,YES,YES,MATCHED
dnd_app_user,eqms_bom_upload_history,YES,YES,MATCHED
dnd_app_user,eqms_bom_upload_supporting_files,YES,YES,MATCHED
dnd_app_user,eqms_bom_upload_supporting_files_history,YES,YES,MATCHED
dnd_app_user,eqms_bom_variant_master,YES,YES,MATCHED
dnd_app_user,eqms_bom_variant_master_history,YES,YES,MATCHED
dnd_app_user,eqms_clause_lk,YES,YES,MATCHED
dnd_app_user,eqms_component_record,YES,YES,MATCHED
dnd_app_user,eqms_concept_status_lk,YES,YES,MATCHED
dnd_app_user,eqms_conflicting_dir,YES,YES,MATCHED
dnd_app_user,eqms_conflicting_dir_history,YES,YES,MATCHED
dnd_app_user,eqms_context_types,YES,YES,MATCHED
dnd_app_user,eqms_cost_heading_lk,YES,YES,MATCHED
dnd_app_user,eqms_decision_lk,YES,YES,MATCHED
dnd_app_user,eqms_default_template_master,YES,YES,MATCHED
dnd_app_user,eqms_design_input_gathering,YES,YES,MATCHED
dnd_app_user,eqms_design_input_gathering_history,YES,YES,MATCHED
dnd_app_user,eqms_design_input_requirement,YES,YES,MATCHED
dnd_app_user,eqms_design_input_requirement_history,YES,YES,MATCHED
dnd_app_user,eqms_design_installation_procedure,YES,YES,MATCHED
dnd_app_user,eqms_design_installation_procedure_equipment,YES,YES,MATCHED
dnd_app_user,eqms_design_installation_procedure_equipment_history,YES,YES,MATCHED
dnd_app_user,eqms_design_installation_procedure_history,YES,YES,MATCHED
dnd_app_user,eqms_design_installation_procedure_skill,YES,YES,MATCHED
dnd_app_user,eqms_design_installation_procedure_skill_history,YES,YES,MATCHED
dnd_app_user,eqms_design_installation_procedure_supporting_files,YES,YES,MATCHED
dnd_app_user,eqms_design_installation_procedure_supporting_files_history,YES,YES,MATCHED
dnd_app_user,eqms_design_installation_procedure_tool,YES,YES,MATCHED
dnd_app_user,eqms_design_installation_procedure_tool_history,YES,YES,MATCHED
dnd_app_user,eqms_design_review_attended_members,YES,YES,MATCHED
dnd_app_user,eqms_design_review_attended_members_history,YES,YES,MATCHED
dnd_app_user,eqms_design_review_report_documents,YES,YES,MATCHED
dnd_app_user,eqms_design_review_report_documents_history,YES,YES,MATCHED
dnd_app_user,eqms_design_specification_type_lk,YES,YES,MATCHED
dnd_app_user,eqms_design_stage_item_lk,YES,YES,MATCHED
dnd_app_user,eqms_design_stage_lk,YES,YES,MATCHED
dnd_app_user,eqms_design_stage_type_lk,YES,YES,MATCHED
dnd_app_user,eqms_design_transfer_acknowledgement,YES,YES,MATCHED
dnd_app_user,eqms_design_transfer_acknowledgement_checklist_mapper,YES,YES,MATCHED
dnd_app_user,eqms_design_transfer_acknowledgement_checklist_mapper_history,YES,YES,MATCHED
dnd_app_user,eqms_design_transfer_acknowledgement_history,YES,YES,MATCHED
dnd_app_user,eqms_design_transfer_applicability,YES,YES,MATCHED
dnd_app_user,eqms_design_transfer_applicability_history,YES,YES,MATCHED
dnd_app_user,eqms_design_transfer_checklist_lk,YES,YES,MATCHED
dnd_app_user,eqms_design_transfer_checklist_template_mapper_lk,YES,YES,MATCHED
dnd_app_user,eqms_design_transfer_documents,YES,YES,MATCHED
dnd_app_user,eqms_design_transfer_documents_history,YES,YES,MATCHED
dnd_app_user,eqms_design_transfer_manufacturing_actions,YES,YES,MATCHED
dnd_app_user,eqms_design_transfer_manufacturing_actions_history,YES,YES,MATCHED
dnd_app_user,eqms_device_lk,YES,YES,MATCHED
dnd_app_user,eqms_device_lk_history,YES,YES,MATCHED
dnd_app_user,eqms_dig_indication_of_use,YES,YES,MATCHED
dnd_app_user,eqms_dig_indication_of_use_history,YES,YES,MATCHED
dnd_app_user,eqms_dig_intended_population,YES,YES,MATCHED
dnd_app_user,eqms_dig_intended_population_history,YES,YES,MATCHED
dnd_app_user,eqms_dig_intended_users,YES,YES,MATCHED
dnd_app_user,eqms_dig_intended_users_history,YES,YES,MATCHED
dnd_app_user,eqms_dig_specification,YES,YES,MATCHED
dnd_app_user,eqms_dig_specification_country_mapper,YES,YES,MATCHED
dnd_app_user,eqms_dig_specification_country_mapper_history,YES,YES,MATCHED
dnd_app_user,eqms_dig_specification_functional_block_mapper,YES,YES,MATCHED
dnd_app_user,eqms_dig_specification_functional_block_mapper_history,YES,YES,MATCHED
dnd_app_user,eqms_dig_specification_history,YES,YES,MATCHED
dnd_app_user,eqms_dig_specification_mapper,YES,YES,MATCHED
dnd_app_user,eqms_dig_specification_mapper_history,YES,YES,MATCHED
dnd_app_user,eqms_dig_specification_model_mapper,YES,YES,MATCHED
dnd_app_user,eqms_dig_specification_model_mapper_history,YES,YES,MATCHED
dnd_app_user,eqms_dig_specification_usability_type_mapper,YES,YES,MATCHED
dnd_app_user,eqms_dig_use_environments,YES,YES,MATCHED
dnd_app_user,eqms_dig_use_environments_history,YES,YES,MATCHED
dnd_app_user,eqms_dir_adequacy_report,YES,YES,MATCHED
dnd_app_user,eqms_dir_adequacy_report_history,YES,YES,MATCHED
dnd_app_user,eqms_dir_declaration,YES,YES,MATCHED
dnd_app_user,eqms_dir_declaration_history,YES,YES,MATCHED
dnd_app_user,eqms_dir_reference_dirs,YES,YES,MATCHED
dnd_app_user,eqms_dir_reference_dirs_history,YES,YES,MATCHED
dnd_app_user,eqms_dir_supporting_document,YES,YES,MATCHED
dnd_app_user,eqms_dir_supporting_document_history,YES,YES,MATCHED
dnd_app_user,eqms_dnd_document_lk,YES,YES,MATCHED
dnd_app_user,eqms_document,YES,YES,MATCHED
dnd_app_user,eqms_document_history,YES,YES,MATCHED
dnd_app_user,eqms_document_template,YES,YES,MATCHED
dnd_app_user,eqms_document_template_form_mapping,YES,YES,MATCHED
dnd_app_user,eqms_document_template_form_mapping_history,YES,YES,MATCHED
dnd_app_user,eqms_document_template_history,YES,YES,MATCHED
dnd_app_user,eqms_document_template_type_lk,YES,YES,MATCHED
dnd_app_user,eqms_entity_template,YES,YES,MATCHED
dnd_app_user,eqms_equipment_category_lk,YES,YES,MATCHED
dnd_app_user,eqms_equipment_item,YES,YES,MATCHED
dnd_app_user,eqms_equipment_lk,YES,YES,MATCHED
dnd_app_user,eqms_equipment_lk_history,YES,YES,MATCHED
dnd_app_user,eqms_execution_stage,YES,YES,MATCHED
dnd_app_user,eqms_execution_stage_deliverables,YES,YES,MATCHED
dnd_app_user,eqms_execution_stage_deliverables_history,YES,YES,MATCHED
dnd_app_user,eqms_execution_stage_design_review_report,YES,YES,MATCHED
dnd_app_user,eqms_execution_stage_design_review_report_history,YES,YES,MATCHED
dnd_app_user,eqms_execution_stage_history,YES,YES,MATCHED
dnd_app_user,eqms_execution_stage_test_items,YES,YES,MATCHED
dnd_app_user,eqms_execution_stage_test_items_history,YES,YES,MATCHED
dnd_app_user,eqms_execution_stage_verification,YES,YES,MATCHED
dnd_app_user,eqms_execution_stage_verification_equipments,YES,YES,MATCHED
dnd_app_user,eqms_execution_stage_verification_equipments_history,YES,YES,MATCHED
dnd_app_user,eqms_execution_stage_verification_history,YES,YES,MATCHED
dnd_app_user,eqms_execution_stage_verification_jigs,YES,YES,MATCHED
dnd_app_user,eqms_execution_stage_verification_jigs_history,YES,YES,MATCHED
dnd_app_user,eqms_execution_stage_verification_plan,YES,YES,MATCHED
dnd_app_user,eqms_execution_stage_verification_plan_dir,YES,YES,MATCHED
dnd_app_user,eqms_execution_stage_verification_plan_dir_history,YES,YES,MATCHED
dnd_app_user,eqms_execution_stage_verification_plan_history,YES,YES,MATCHED
dnd_app_user,eqms_execution_stage_verification_plan_supp_files,YES,YES,MATCHED
dnd_app_user,eqms_execution_stage_verification_plan_supp_files_history,YES,YES,MATCHED
dnd_app_user,eqms_execution_stage_verification_report,YES,YES,MATCHED
dnd_app_user,eqms_execution_stage_verification_report_history,YES,YES,MATCHED
dnd_app_user,eqms_execution_stage_verification_tools,YES,YES,MATCHED
dnd_app_user,eqms_execution_stage_verification_tools_history,YES,YES,MATCHED
dnd_app_user,eqms_feasibility_currency_lk,YES,YES,MATCHED
dnd_app_user,eqms_feasibility_decision,YES,YES,MATCHED
dnd_app_user,eqms_feasibility_decision_history,YES,YES,MATCHED
dnd_app_user,eqms_feasibility_decision_lk,YES,YES,MATCHED
dnd_app_user,eqms_feasibility_study_cost_report,YES,YES,MATCHED
dnd_app_user,eqms_feasibility_study_cost_report_history,YES,YES,MATCHED
dnd_app_user,eqms_feasibility_study_design_team_role,YES,YES,MATCHED
dnd_app_user,eqms_feasibility_study_design_team_role_history,YES,YES,MATCHED
dnd_app_user,eqms_feasibility_study_report,YES,YES,MATCHED
dnd_app_user,eqms_feasibility_study_report_history,YES,YES,MATCHED
dnd_app_user,eqms_feasibility_study_report_supporting_files,YES,YES,MATCHED
dnd_app_user,eqms_feasibility_study_report_supporting_files_history,YES,YES,MATCHED
dnd_app_user,eqms_feasibility_type_lk,YES,YES,MATCHED
dnd_app_user,eqms_feasibility_validation,YES,YES,MATCHED
dnd_app_user,eqms_feasibility_validation_history,YES,YES,MATCHED
dnd_app_user,eqms_file,YES,YES,MATCHED
dnd_app_user,eqms_file_category_lk,YES,YES,MATCHED
dnd_app_user,eqms_file_history,YES,YES,MATCHED
dnd_app_user,eqms_file_tags,YES,YES,MATCHED
dnd_app_user,eqms_file_tags_history,YES,YES,MATCHED
dnd_app_user,eqms_file_type_lk,YES,YES,MATCHED
dnd_app_user,eqms_form,YES,YES,MATCHED
dnd_app_user,eqms_form_draft_supporting_files,YES,YES,MATCHED
dnd_app_user,eqms_form_drafts,YES,YES,MATCHED
dnd_app_user,eqms_form_menu_mapping,YES,YES,MATCHED
dnd_app_user,eqms_functional_block_type_lk,YES,YES,MATCHED
dnd_app_user,eqms_high_level_design,YES,YES,MATCHED
dnd_app_user,eqms_high_level_design_comp_landscape,YES,YES,MATCHED
dnd_app_user,eqms_high_level_design_comp_landscape_history,YES,YES,MATCHED
dnd_app_user,eqms_high_level_design_conversion_rate,YES,YES,MATCHED
dnd_app_user,eqms_high_level_design_conversion_rate_history,YES,YES,MATCHED
dnd_app_user,eqms_high_level_design_documents,YES,YES,MATCHED
dnd_app_user,eqms_high_level_design_documents_history,YES,YES,MATCHED
dnd_app_user,eqms_high_level_design_history,YES,YES,MATCHED
dnd_app_user,eqms_high_level_design_info,YES,YES,MATCHED
dnd_app_user,eqms_high_level_design_info_history,YES,YES,MATCHED
dnd_app_user,eqms_high_level_design_market_demography,YES,YES,MATCHED
dnd_app_user,eqms_high_level_design_market_demography_history,YES,YES,MATCHED
dnd_app_user,eqms_high_level_design_market_segment,YES,YES,MATCHED
dnd_app_user,eqms_high_level_design_market_segment_history,YES,YES,MATCHED
dnd_app_user,eqms_high_level_design_requirements,YES,YES,MATCHED
dnd_app_user,eqms_high_level_design_requirements_history,YES,YES,MATCHED
dnd_app_user,eqms_jig_item,YES,YES,MATCHED
dnd_app_user,eqms_jig_lk,YES,YES,MATCHED
dnd_app_user,eqms_labelling_packaging_type_lk,YES,YES,MATCHED
dnd_app_user,eqms_labelling_packaging_type_lk_history,YES,YES,MATCHED
dnd_app_user,eqms_license_initiation,YES,YES,MATCHED
dnd_app_user,eqms_license_initiation_history,YES,YES,MATCHED
dnd_app_user,eqms_license_status_lk,YES,YES,MATCHED
dnd_app_user,eqms_lifetime_calculation_criteria,YES,YES,MATCHED
dnd_app_user,eqms_lifetime_calculation_criteria_history,YES,YES,MATCHED
dnd_app_user,eqms_lifetime_calculation_criteria_supp_files,YES,YES,MATCHED
dnd_app_user,eqms_lifetime_calculation_criteria_supp_files_history,YES,YES,MATCHED
dnd_app_user,eqms_market,YES,YES,MATCHED
dnd_app_user,eqms_market_demography_category_lk,YES,YES,MATCHED
dnd_app_user,eqms_market_demography_sub_category_lk,YES,YES,MATCHED
dnd_app_user,eqms_market_research_study_supporting_files,YES,YES,MATCHED
dnd_app_user,eqms_market_research_study_supporting_files_history,YES,YES,MATCHED
dnd_app_user,eqms_market_segment_lk,YES,YES,MATCHED
dnd_app_user,eqms_menu_lk,YES,YES,MATCHED
dnd_app_user,eqms_module,YES,YES,MATCHED
dnd_app_user,eqms_month_lk,YES,YES,MATCHED
dnd_app_user,eqms_nomenclature_category,YES,YES,MATCHED
dnd_app_user,eqms_object,YES,YES,MATCHED
dnd_app_user,eqms_object_context,YES,YES,MATCHED
dnd_app_user,eqms_object_policy_mapper,YES,YES,MATCHED
dnd_app_user,eqms_object_policy_mapper_history,YES,YES,MATCHED
dnd_app_user,eqms_object_project_instance,YES,YES,MATCHED
dnd_app_user,eqms_object_project_instance_history,YES,YES,MATCHED
dnd_app_user,eqms_organization,YES,YES,MATCHED
dnd_app_user,eqms_organization_department,YES,YES,MATCHED
dnd_app_user,eqms_organization_department_history,YES,YES,MATCHED
dnd_app_user,eqms_organization_employee,YES,YES,MATCHED
dnd_app_user,eqms_organization_product,YES,YES,MATCHED
dnd_app_user,eqms_organization_product_history,YES,YES,MATCHED
dnd_app_user,eqms_organization_product_role,YES,YES,MATCHED
dnd_app_user,eqms_organization_product_role_history,YES,YES,MATCHED
dnd_app_user,eqms_organization_role_lk,YES,YES,MATCHED
dnd_app_user,eqms_organization_site,YES,YES,MATCHED
dnd_app_user,eqms_organization_site_history,YES,YES,MATCHED
dnd_app_user,eqms_part_category,YES,YES,MATCHED
dnd_app_user,eqms_part_component_type_lk,YES,YES,MATCHED
dnd_app_user,eqms_part_drawing_supporting_files,YES,YES,MATCHED
dnd_app_user,eqms_part_drawing_supporting_files_history,YES,YES,MATCHED
dnd_app_user,eqms_part_lk,YES,YES,MATCHED
dnd_app_user,eqms_part_lk_history,YES,YES,MATCHED
dnd_app_user,eqms_part_purchase_type_lk,YES,NO,MISSING_IN_SQL
dnd_app_user,eqms_part_quantity_type_lk,YES,YES,MATCHED
dnd_app_user,eqms_part_type_lk,YES,YES,MATCHED
dnd_app_user,eqms_perfomance_specification,YES,YES,MATCHED
dnd_app_user,eqms_pilot_clinical_evaluation_plan,YES,YES,MATCHED
dnd_app_user,eqms_pilot_clinical_evaluation_plan_history,YES,YES,MATCHED
dnd_app_user,eqms_pilot_clinical_evaluation_report,YES,YES,MATCHED
dnd_app_user,eqms_pilot_clinical_evaluation_report_history,YES,YES,MATCHED
dnd_app_user,eqms_pilot_validation_feedback_supporting_files,YES,YES,MATCHED
dnd_app_user,eqms_pilot_validation_feedback_supporting_files_history,YES,YES,MATCHED
dnd_app_user,eqms_pilot_validation_place,YES,YES,MATCHED
dnd_app_user,eqms_pilot_validation_place_history,YES,YES,MATCHED
dnd_app_user,eqms_pilot_validation_plan,YES,YES,MATCHED
dnd_app_user,eqms_pilot_validation_plan_document,YES,YES,MATCHED
dnd_app_user,eqms_pilot_validation_plan_document_history,YES,YES,MATCHED
dnd_app_user,eqms_pilot_validation_plan_history,YES,YES,MATCHED
dnd_app_user,eqms_pilot_validation_plan_supporting_documents,YES,YES,MATCHED
dnd_app_user,eqms_pilot_validation_plan_supporting_documents_history,YES,YES,MATCHED
dnd_app_user,eqms_pilot_validation_report,YES,YES,MATCHED
dnd_app_user,eqms_pilot_validation_report_feedback_details,YES,YES,MATCHED
dnd_app_user,eqms_pilot_validation_report_feedback_details_history,YES,YES,MATCHED
dnd_app_user,eqms_pilot_validation_report_feedback_dir_mapper,YES,YES,MATCHED
dnd_app_user,eqms_pilot_validation_report_feedback_dir_mapper_history,YES,YES,MATCHED
dnd_app_user,eqms_pilot_validation_report_history,YES,YES,MATCHED
dnd_app_user,eqms_pilot_validation_report_supporting_files,YES,YES,MATCHED
dnd_app_user,eqms_pilot_validation_report_supporting_files_history,YES,YES,MATCHED
dnd_app_user,eqms_pilot_validation_results,YES,YES,MATCHED
dnd_app_user,eqms_pilot_validation_results_history,YES,YES,MATCHED
dnd_app_user,eqms_pnd_buyer_chosen_requirements,YES,YES,MATCHED
dnd_app_user,eqms_pnd_buyer_chosen_requirements_history,YES,YES,MATCHED
dnd_app_user,eqms_pnd_buyer_lk,YES,YES,MATCHED
dnd_app_user,eqms_pnd_end_user_chosen_requirements,YES,YES,MATCHED
dnd_app_user,eqms_pnd_end_user_chosen_requirements_history,YES,YES,MATCHED
dnd_app_user,eqms_pnd_item_lk,YES,YES,MATCHED
dnd_app_user,eqms_pnd_items,YES,YES,MATCHED
dnd_app_user,eqms_pnd_items_history,YES,YES,MATCHED
dnd_app_user,eqms_pnd_requirement,YES,YES,MATCHED
dnd_app_user,eqms_pnd_requirement_history,YES,YES,MATCHED
dnd_app_user,eqms_pnd_review_report,YES,YES,MATCHED
dnd_app_user,eqms_pnd_review_report_breakdown,YES,YES,MATCHED
dnd_app_user,eqms_pnd_review_report_breakdown_history,YES,YES,MATCHED
dnd_app_user,eqms_pnd_review_report_conclusion,YES,YES,MATCHED
dnd_app_user,eqms_pnd_review_report_conclusion_history,YES,YES,MATCHED
dnd_app_user,eqms_pnd_review_report_history,YES,YES,MATCHED
dnd_app_user,eqms_pnd_review_required_approval_details,YES,YES,MATCHED
dnd_app_user,eqms_pnd_review_required_approval_details_history,YES,YES,MATCHED
dnd_app_user,eqms_pnd_specification,YES,YES,MATCHED
dnd_app_user,eqms_pnd_specification_history,YES,YES,MATCHED
dnd_app_user,eqms_pnd_specification_review,YES,YES,MATCHED
dnd_app_user,eqms_pnd_specification_review_history,YES,YES,MATCHED
dnd_app_user,eqms_pnd_supporting_documents,YES,YES,MATCHED
dnd_app_user,eqms_pnd_supporting_documents_history,YES,YES,MATCHED
dnd_app_user,eqms_pnd_text_requirements,YES,YES,MATCHED
dnd_app_user,eqms_pnd_text_requirements_history,YES,YES,MATCHED
dnd_app_user,eqms_pre_design_transfer_documents,YES,YES,MATCHED
dnd_app_user,eqms_pre_design_transfer_documents_history,YES,YES,MATCHED
dnd_app_user,eqms_product_applicable_clause,YES,YES,MATCHED
dnd_app_user,eqms_product_applicable_clause_history,YES,YES,MATCHED
dnd_app_user,eqms_product_category_lk,YES,YES,MATCHED
dnd_app_user,eqms_product_default_applicable_specification,YES,YES,MATCHED
dnd_app_user,eqms_product_default_applicable_specification_history,YES,YES,MATCHED
dnd_app_user,eqms_product_default_design_transfer_document,YES,YES,MATCHED
dnd_app_user,eqms_product_functional_blocks,YES,YES,MATCHED
dnd_app_user,eqms_product_functional_blocks_history,YES,YES,MATCHED
dnd_app_user,eqms_product_functional_subblocks,YES,YES,MATCHED
dnd_app_user,eqms_product_functional_subblocks_history,YES,YES,MATCHED
dnd_app_user,eqms_product_group_lk,YES,YES,MATCHED
dnd_app_user,eqms_product_group_lk_history,YES,YES,MATCHED
dnd_app_user,eqms_product_life_declaration,YES,YES,MATCHED
dnd_app_user,eqms_product_life_declaration_history,YES,YES,MATCHED
dnd_app_user,eqms_product_market,YES,YES,MATCHED
dnd_app_user,eqms_product_market_history,YES,YES,MATCHED
dnd_app_user,eqms_product_need_document,YES,YES,MATCHED
dnd_app_user,eqms_product_need_document_history,YES,YES,MATCHED
dnd_app_user,eqms_product_need_document_review_report,YES,YES,MATCHED
dnd_app_user,eqms_product_need_document_review_report_conclusion,YES,YES,MATCHED
dnd_app_user,eqms_product_need_document_review_report_conclusion_history,YES,YES,MATCHED
dnd_app_user,eqms_product_need_document_review_report_history,YES,YES,MATCHED
dnd_app_user,eqms_product_quality_objective,YES,YES,MATCHED
dnd_app_user,eqms_product_quality_objective_history,YES,YES,MATCHED
dnd_app_user,eqms_product_realization_plan,YES,YES,MATCHED
dnd_app_user,eqms_product_realization_plan_history,YES,YES,MATCHED
dnd_app_user,eqms_product_realization_stage_process,YES,YES,MATCHED
dnd_app_user,eqms_product_realization_stage_process_history,YES,YES,MATCHED
dnd_app_user,eqms_product_regulations,YES,YES,MATCHED
dnd_app_user,eqms_product_regulations_history,YES,YES,MATCHED
dnd_app_user,eqms_product_subtype_lk,YES,YES,MATCHED
dnd_app_user,eqms_product_type_lk,YES,YES,MATCHED
dnd_app_user,eqms_product_variants,YES,YES,MATCHED
dnd_app_user,eqms_product_variants_history,YES,YES,MATCHED
dnd_app_user,eqms_project,YES,YES,MATCHED
dnd_app_user,eqms_project_applicable_specification,YES,YES,MATCHED
dnd_app_user,eqms_project_applicable_specification_history,YES,YES,MATCHED
dnd_app_user,eqms_project_build_stage_order,YES,YES,MATCHED
dnd_app_user,eqms_project_build_stage_order_history,YES,YES,MATCHED
dnd_app_user,eqms_project_build_stages,YES,YES,MATCHED
dnd_app_user,eqms_project_build_stages_history,YES,YES,MATCHED
dnd_app_user,eqms_project_concept,YES,YES,MATCHED
dnd_app_user,eqms_project_concept_history,YES,YES,MATCHED
dnd_app_user,eqms_project_concept_supporting_files,YES,YES,MATCHED
dnd_app_user,eqms_project_concept_supporting_files_history,YES,YES,MATCHED
dnd_app_user,eqms_project_design_input_gathering,YES,YES,MATCHED
dnd_app_user,eqms_project_design_input_gathering_history,YES,YES,MATCHED
dnd_app_user,eqms_project_design_team_member,YES,YES,MATCHED
dnd_app_user,eqms_project_design_team_member_history,YES,YES,MATCHED
dnd_app_user,eqms_project_design_team_member_selection,YES,YES,MATCHED
dnd_app_user,eqms_project_design_team_member_selection_history,YES,YES,MATCHED
dnd_app_user,eqms_project_design_team_other_member,YES,YES,MATCHED
dnd_app_user,eqms_project_design_team_other_member_history,YES,YES,MATCHED
dnd_app_user,eqms_project_design_team_stages_mapper,YES,YES,MATCHED
dnd_app_user,eqms_project_design_team_stages_mapper_history,YES,YES,MATCHED
dnd_app_user,eqms_project_design_transfer_plan,YES,YES,MATCHED
dnd_app_user,eqms_project_design_transfer_plan_history,YES,YES,MATCHED
dnd_app_user,eqms_project_dig_models,YES,YES,MATCHED
dnd_app_user,eqms_project_dig_models_history,YES,YES,MATCHED
dnd_app_user,eqms_project_dir_traceability_applicability,YES,YES,MATCHED
dnd_app_user,eqms_project_dir_traceability_applicability_history,YES,YES,MATCHED
dnd_app_user,eqms_project_documents,YES,YES,MATCHED
dnd_app_user,eqms_project_documents_history,YES,YES,MATCHED
dnd_app_user,eqms_project_history,YES,YES,MATCHED
dnd_app_user,eqms_project_instance,YES,YES,MATCHED
dnd_app_user,eqms_project_market_research_study,YES,YES,MATCHED
dnd_app_user,eqms_project_market_research_study_history,YES,YES,MATCHED
dnd_app_user,eqms_project_plan,YES,YES,MATCHED
dnd_app_user,eqms_project_plan_design_review,YES,YES,MATCHED
dnd_app_user,eqms_project_plan_design_review_history,YES,YES,MATCHED
dnd_app_user,eqms_project_plan_equipment,YES,YES,MATCHED
dnd_app_user,eqms_project_plan_equipment_history,YES,YES,MATCHED
dnd_app_user,eqms_project_plan_history,YES,YES,MATCHED
dnd_app_user,eqms_project_plan_markets,YES,YES,MATCHED
dnd_app_user,eqms_project_plan_markets_history,YES,YES,MATCHED
dnd_app_user,eqms_project_plan_procedure_reference,YES,YES,MATCHED
dnd_app_user,eqms_project_plan_procedure_reference_history,YES,YES,MATCHED
dnd_app_user,eqms_project_plan_procedures,YES,YES,MATCHED
dnd_app_user,eqms_project_plan_procedures_history,YES,YES,MATCHED
dnd_app_user,eqms_project_plan_schedule,YES,YES,MATCHED
dnd_app_user,eqms_project_plan_schedule_history,YES,YES,MATCHED
dnd_app_user,eqms_project_plan_stagewise_deliverable,YES,YES,MATCHED
dnd_app_user,eqms_project_plan_stagewise_deliverable_history,YES,YES,MATCHED
dnd_app_user,eqms_project_plan_tool,YES,YES,MATCHED
dnd_app_user,eqms_project_plan_tool_history,YES,YES,MATCHED
dnd_app_user,eqms_project_plan_validation_method,YES,YES,MATCHED
dnd_app_user,eqms_project_plan_validation_method_history,YES,YES,MATCHED
dnd_app_user,eqms_project_plan_verification_method,YES,YES,MATCHED
dnd_app_user,eqms_project_plan_verification_method_history,YES,YES,MATCHED
dnd_app_user,eqms_project_product_variants,YES,YES,MATCHED
dnd_app_user,eqms_project_product_variants_history,YES,YES,MATCHED
dnd_app_user,eqms_project_quality_plan,YES,YES,MATCHED
dnd_app_user,eqms_project_quality_plan_history,YES,YES,MATCHED
dnd_app_user,eqms_project_quality_reports,YES,YES,MATCHED
dnd_app_user,eqms_project_quality_reports_history,YES,YES,MATCHED
dnd_app_user,eqms_project_quality_reports_supporting_file,YES,YES,MATCHED
dnd_app_user,eqms_project_quality_reports_supporting_file_history,YES,YES,MATCHED
dnd_app_user,eqms_project_quality_specifications,YES,YES,MATCHED
dnd_app_user,eqms_project_quality_specifications_history,YES,YES,MATCHED
dnd_app_user,eqms_project_stage_activity,YES,YES,MATCHED
dnd_app_user,eqms_project_stage_activity_history,YES,YES,MATCHED
dnd_app_user,eqms_record,YES,YES,MATCHED
dnd_app_user,eqms_record_generation_type_lk,YES,YES,MATCHED
dnd_app_user,eqms_record_history,YES,YES,MATCHED
dnd_app_user,eqms_record_verification,YES,YES,MATCHED
dnd_app_user,eqms_reg_country_lk,YES,YES,MATCHED
dnd_app_user,eqms_regulation,YES,YES,MATCHED
dnd_app_user,eqms_regulation_history,YES,YES,MATCHED
dnd_app_user,eqms_regulation_standard,YES,YES,MATCHED
dnd_app_user,eqms_regulation_standard_clause,YES,YES,MATCHED
dnd_app_user,eqms_regulation_standard_clause_history,YES,YES,MATCHED
dnd_app_user,eqms_regulation_standard_history,YES,YES,MATCHED
dnd_app_user,eqms_report_type_lk,YES,YES,MATCHED
dnd_app_user,eqms_responsibility_lk,YES,YES,MATCHED
dnd_app_user,eqms_roles_lk,YES,YES,MATCHED
dnd_app_user,eqms_selection_lk,YES,YES,MATCHED
dnd_app_user,eqms_tags,YES,YES,MATCHED
dnd_app_user,eqms_tags_history,YES,YES,MATCHED
dnd_app_user,eqms_target_audience_type_lk,YES,YES,MATCHED
dnd_app_user,eqms_tool_category_lk,YES,YES,MATCHED
dnd_app_user,eqms_tool_item,YES,YES,MATCHED
dnd_app_user,eqms_tool_item_history,YES,YES,MATCHED
dnd_app_user,eqms_tools,YES,YES,MATCHED
dnd_app_user,eqms_tools_history,YES,YES,MATCHED
dnd_app_user,eqms_unit_lk,YES,YES,MATCHED
dnd_app_user,eqms_unit_lk_history,YES,YES,MATCHED
dnd_app_user,eqms_usability_type,YES,YES,MATCHED
dnd_app_user,eqms_use_environment_lk,YES,YES,MATCHED
dnd_app_user,eqms_user_roles,YES,YES,MATCHED
dnd_app_user,eqms_users,YES,YES,MATCHED
dnd_app_user,eqms_verification_result_lk,YES,NO,MISSING_IN_SQL
dnd_app_user,eqms_workflow_task_status,YES,YES,MATCHED
dnd_app_user,eqms_year_lk,YES,YES,MATCHED
hrcs_app_user,eqms_context_types,YES,YES,MATCHED
hrcs_app_user,eqms_context_types_history,YES,YES,MATCHED
hrcs_app_user,eqms_designation_lk,YES,YES,MATCHED
hrcs_app_user,eqms_document_template,YES,YES,MATCHED
hrcs_app_user,eqms_document_template_form_mapping,YES,YES,MATCHED
hrcs_app_user,eqms_document_template_type_lk,YES,YES,MATCHED
hrcs_app_user,eqms_employee_status_lk,YES,YES,MATCHED
hrcs_app_user,eqms_entity_subscription,YES,YES,MATCHED
hrcs_app_user,eqms_entity_template,YES,YES,MATCHED
hrcs_app_user,eqms_form,YES,YES,MATCHED
hrcs_app_user,eqms_form_draft_supporting_files,YES,YES,MATCHED
hrcs_app_user,eqms_form_drafts,YES,YES,MATCHED
hrcs_app_user,eqms_form_menu_mapping,YES,YES,MATCHED
hrcs_app_user,eqms_hr_add_employee_training_needs,YES,YES,MATCHED
hrcs_app_user,eqms_hr_add_employee_training_needs_history,YES,YES,MATCHED
hrcs_app_user,eqms_hr_add_employee_training_supporting_document,YES,YES,MATCHED
hrcs_app_user,eqms_hr_add_employee_training_supporting_document_history,YES,YES,MATCHED
hrcs_app_user,eqms_hr_candidate_evalution,YES,YES,MATCHED
hrcs_app_user,eqms_hr_candidate_evalution_history,YES,YES,MATCHED
hrcs_app_user,eqms_hr_candidate_evalution_skill_set,YES,YES,MATCHED
hrcs_app_user,eqms_hr_candidate_evalution_supporting_files,YES,YES,MATCHED
hrcs_app_user,eqms_hr_candidate_interviewer,YES,YES,MATCHED
hrcs_app_user,eqms_hr_employee_administrative_reports,YES,YES,MATCHED
hrcs_app_user,eqms_hr_employee_administrative_reports_history,YES,YES,MATCHED
hrcs_app_user,eqms_hr_employee_area_expertise_supporting_document,YES,YES,MATCHED
hrcs_app_user,eqms_hr_employee_area_expertise_supporting_document_history,YES,YES,MATCHED
hrcs_app_user,eqms_hr_employee_edu_qual_supporting_document,YES,YES,MATCHED
hrcs_app_user,eqms_hr_employee_edu_qual_supporting_document_history,YES,YES,MATCHED
hrcs_app_user,eqms_hr_employee_experience_supporting_document,YES,YES,MATCHED
hrcs_app_user,eqms_hr_employee_experience_supporting_document_history,YES,YES,MATCHED
hrcs_app_user,eqms_hr_employee_functional_reports,YES,YES,MATCHED
hrcs_app_user,eqms_hr_employee_functional_reports_history,YES,YES,MATCHED
hrcs_app_user,eqms_hr_employee_skill_set,YES,YES,MATCHED
hrcs_app_user,eqms_hr_employee_skill_set_history,YES,YES,MATCHED
hrcs_app_user,eqms_hr_employee_skill_supporting_document,YES,YES,MATCHED
hrcs_app_user,eqms_hr_employee_skill_supporting_document_history,YES,YES,MATCHED
hrcs_app_user,eqms_hr_employee_source_lk,YES,YES,MATCHED
hrcs_app_user,eqms_hr_employee_training_evaluation,YES,YES,MATCHED
hrcs_app_user,eqms_hr_employee_training_evaluation_history,YES,YES,MATCHED
hrcs_app_user,eqms_hr_employee_training_evaluation_supporting_files,YES,YES,MATCHED
hrcs_app_user,eqms_hr_employee_training_needs,YES,YES,MATCHED
hrcs_app_user,eqms_hr_employee_training_needs_history,YES,YES,MATCHED
hrcs_app_user,eqms_hr_employee_training_needs_mapper,YES,YES,MATCHED
hrcs_app_user,eqms_hr_employee_training_supporting_document,YES,YES,MATCHED
hrcs_app_user,eqms_hr_employment_type_lk,YES,YES,MATCHED
hrcs_app_user,eqms_hr_evalution_status_lk,YES,YES,MATCHED
hrcs_app_user,eqms_hr_health_checkup,YES,YES,MATCHED
hrcs_app_user,eqms_hr_health_checkup_com_dis_supporting_document,YES,YES,MATCHED
hrcs_app_user,eqms_hr_health_checkup_eye_test_supporting_document,YES,YES,MATCHED
hrcs_app_user,eqms_hr_health_checkup_history,YES,YES,MATCHED
hrcs_app_user,eqms_hr_health_checkup_vaccinations_supporting_document,YES,YES,MATCHED
hrcs_app_user,eqms_hr_induction_training,YES,YES,MATCHED
hrcs_app_user,eqms_hr_induction_training_employee_header,YES,YES,MATCHED
hrcs_app_user,eqms_hr_induction_training_employee_header_history,YES,YES,MATCHED
hrcs_app_user,eqms_hr_induction_training_topic_lk,YES,YES,MATCHED
hrcs_app_user,eqms_hr_induction_training_topic_supporting_file,YES,YES,MATCHED
hrcs_app_user,eqms_hr_recruitment_type_lk,YES,YES,MATCHED
hrcs_app_user,eqms_hr_resource_required_type_lk,YES,YES,MATCHED
hrcs_app_user,eqms_hr_resource_requisition,YES,YES,MATCHED
hrcs_app_user,eqms_hr_resource_requisition_history,YES,YES,MATCHED
hrcs_app_user,eqms_hr_role_definition,YES,YES,MATCHED
hrcs_app_user,eqms_hr_role_definition_history,YES,YES,MATCHED
hrcs_app_user,eqms_hr_role_definition_skill_level_mapper,YES,YES,MATCHED
hrcs_app_user,eqms_hr_skill_level_lk,YES,YES,MATCHED
hrcs_app_user,eqms_hr_skill_master,YES,YES,MATCHED
hrcs_app_user,eqms_hr_skill_master_history,YES,YES,MATCHED
hrcs_app_user,eqms_hr_skill_supporting_files,YES,YES,MATCHED
hrcs_app_user,eqms_hr_training_attendee,YES,YES,MATCHED
hrcs_app_user,eqms_hr_training_certificate_supporting_file,YES,YES,MATCHED
hrcs_app_user,eqms_hr_training_evaluation,YES,YES,MATCHED
hrcs_app_user,eqms_hr_training_evaluation_history,YES,YES,MATCHED
hrcs_app_user,eqms_hr_training_materials_supporting_file,YES,YES,MATCHED
hrcs_app_user,eqms_hr_training_schedule,YES,YES,MATCHED
hrcs_app_user,eqms_hr_training_schedule_history,YES,YES,MATCHED
hrcs_app_user,eqms_hr_training_skill,YES,YES,MATCHED
hrcs_app_user,eqms_module,YES,YES,MATCHED
hrcs_app_user,eqms_nomenclature_category,YES,YES,MATCHED
hrcs_app_user,eqms_object,YES,YES,MATCHED
hrcs_app_user,eqms_object_context,YES,YES,MATCHED
hrcs_app_user,eqms_object_project_instance,YES,YES,MATCHED
hrcs_app_user,eqms_object_project_instance_history,YES,YES,MATCHED
hrcs_app_user,eqms_organization_department,YES,YES,MATCHED
hrcs_app_user,eqms_organization_department_history,YES,YES,MATCHED
hrcs_app_user,eqms_organization_employee,YES,YES,MATCHED
hrcs_app_user,eqms_organization_employee_history,YES,YES,MATCHED
hrcs_app_user,eqms_organization_employee_supporting_document,YES,YES,MATCHED
hrcs_app_user,eqms_organization_employee_supporting_document_history,YES,YES,MATCHED
hrcs_app_user,eqms_organization_site,YES,YES,MATCHED
hrcs_app_user,eqms_project_instance_header,YES,YES,MATCHED
hrcs_app_user,eqms_project_instance_header_history,YES,YES,MATCHED
hrcs_app_user,eqms_project_type,YES,YES,MATCHED
hrcs_app_user,eqms_roles_lk,YES,YES,MATCHED
hrcs_app_user,eqms_users,YES,YES,MATCHED
infrastructure_app_user,eqms_component_record,YES,YES,MATCHED
infrastructure_app_user,eqms_context_types,YES,YES,MATCHED
infrastructure_app_user,eqms_document_template,YES,YES,MATCHED
infrastructure_app_user,eqms_document_template_form_mapping,YES,YES,MATCHED
infrastructure_app_user,eqms_document_template_history,YES,YES,MATCHED
infrastructure_app_user,eqms_document_template_type_lk,YES,YES,MATCHED
infrastructure_app_user,eqms_entity_subscription,YES,YES,MATCHED
infrastructure_app_user,eqms_entity_template,YES,YES,MATCHED
infrastructure_app_user,eqms_equipment_calibration_details,YES,YES,MATCHED
infrastructure_app_user,eqms_equipment_category_lk,YES,YES,MATCHED
infrastructure_app_user,eqms_equipment_item,YES,YES,MATCHED
infrastructure_app_user,eqms_equipment_item_history,YES,YES,MATCHED
infrastructure_app_user,eqms_equipment_lk,YES,YES,MATCHED
infrastructure_app_user,eqms_equipment_lk_history,YES,YES,MATCHED
infrastructure_app_user,eqms_file_history,YES,YES,MATCHED
infrastructure_app_user,eqms_file_tags,YES,YES,MATCHED
infrastructure_app_user,eqms_form,YES,YES,MATCHED
infrastructure_app_user,eqms_form_draft_supporting_files,YES,YES,MATCHED
infrastructure_app_user,eqms_form_drafts,YES,YES,MATCHED
infrastructure_app_user,eqms_form_menu_mapping,YES,YES,MATCHED
infrastructure_app_user,eqms_form_type_lk,YES,YES,MATCHED
infrastructure_app_user,eqms_frequency_lk,YES,YES,MATCHED
infrastructure_app_user,eqms_hr_skill_master,YES,YES,MATCHED
infrastructure_app_user,eqms_image,YES,YES,MATCHED
infrastructure_app_user,eqms_infra_installation_report_supporting_files,YES,YES,MATCHED
infrastructure_app_user,eqms_infra_installation_report_supporting_files_history,YES,YES,MATCHED
infrastructure_app_user,eqms_infrastructure,YES,YES,MATCHED
infrastructure_app_user,eqms_infrastructure_category_lk,YES,YES,MATCHED
infrastructure_app_user,eqms_infrastructure_complaint,YES,YES,MATCHED
infrastructure_app_user,eqms_infrastructure_complaint_history,YES,YES,MATCHED
infrastructure_app_user,eqms_infrastructure_complaint_supporting_files,YES,YES,MATCHED
infrastructure_app_user,eqms_infrastructure_complaint_supporting_files_history,YES,YES,MATCHED
infrastructure_app_user,eqms_infrastructure_doc_supporting_files,YES,YES,MATCHED
infrastructure_app_user,eqms_infrastructure_doc_supporting_files_history,YES,YES,MATCHED
infrastructure_app_user,eqms_infrastructure_history,YES,YES,MATCHED
infrastructure_app_user,eqms_infrastructure_image_supporting_files,YES,YES,MATCHED
infrastructure_app_user,eqms_infrastructure_image_supporting_files_history,YES,YES,MATCHED
infrastructure_app_user,eqms_infrastructure_installation_report,YES,YES,MATCHED
infrastructure_app_user,eqms_infrastructure_installation_report_history,YES,YES,MATCHED
infrastructure_app_user,eqms_infrastructure_maintenance_plan,YES,YES,MATCHED
infrastructure_app_user,eqms_infrastructure_maintenance_plan_detail,YES,YES,MATCHED
infrastructure_app_user,eqms_infrastructure_maintenance_plan_detail_history,YES,YES,MATCHED
infrastructure_app_user,eqms_infrastructure_maintenance_plan_equipments,YES,YES,MATCHED
infrastructure_app_user,eqms_infrastructure_maintenance_plan_equipments_history,YES,YES,MATCHED
infrastructure_app_user,eqms_infrastructure_maintenance_plan_history,YES,YES,MATCHED
infrastructure_app_user,eqms_infrastructure_maintenance_plan_skill_mapper,YES,YES,MATCHED
infrastructure_app_user,eqms_infrastructure_maintenance_plan_skill_mapper_history,YES,YES,MATCHED
infrastructure_app_user,eqms_infrastructure_maintenance_plan_tools,YES,YES,MATCHED
infrastructure_app_user,eqms_infrastructure_maintenance_plan_tools_history,YES,YES,MATCHED
infrastructure_app_user,eqms_infrastructure_maintenance_schedule_detail,YES,YES,MATCHED
infrastructure_app_user,eqms_infrastructure_maintenance_schedule_detail_history,YES,YES,MATCHED
infrastructure_app_user,eqms_infrastructure_qualification,YES,YES,MATCHED
infrastructure_app_user,eqms_infrastructure_qualification_checklist,YES,YES,MATCHED
infrastructure_app_user,eqms_infrastructure_qualification_checklist_history,YES,YES,MATCHED
infrastructure_app_user,eqms_infrastructure_qualification_checklist_items,YES,YES,MATCHED
infrastructure_app_user,eqms_infrastructure_qualification_checklist_items_history,YES,YES,MATCHED
infrastructure_app_user,eqms_infrastructure_qualification_history,YES,YES,MATCHED
infrastructure_app_user,eqms_infrastructure_qualification_test,YES,YES,MATCHED
infrastructure_app_user,eqms_infrastructure_qualification_test_history,YES,YES,MATCHED
infrastructure_app_user,eqms_infrastructure_request,YES,YES,MATCHED
infrastructure_app_user,eqms_infrastructure_request_history,YES,YES,MATCHED
infrastructure_app_user,eqms_infrastructure_request_supporting_files,YES,YES,MATCHED
infrastructure_app_user,eqms_infrastructure_request_supporting_files_history,YES,YES,MATCHED
infrastructure_app_user,eqms_infrastructure_type_lk,YES,YES,MATCHED
infrastructure_app_user,eqms_iqc_group_lk,YES,YES,MATCHED
infrastructure_app_user,eqms_maintenance_plan,YES,YES,MATCHED
infrastructure_app_user,eqms_maintenance_plan_detail,YES,YES,MATCHED
infrastructure_app_user,eqms_maintenance_plan_detail_history,YES,YES,MATCHED
infrastructure_app_user,eqms_maintenance_plan_equipments,YES,YES,MATCHED
infrastructure_app_user,eqms_maintenance_plan_equipments_history,YES,YES,MATCHED
infrastructure_app_user,eqms_maintenance_plan_history,YES,YES,MATCHED
infrastructure_app_user,eqms_maintenance_plan_skill_mapper,YES,YES,MATCHED
infrastructure_app_user,eqms_maintenance_plan_skill_mapper_history,YES,YES,MATCHED
infrastructure_app_user,eqms_maintenance_plan_tools,YES,YES,MATCHED
infrastructure_app_user,eqms_maintenance_plan_tools_history,YES,YES,MATCHED
infrastructure_app_user,eqms_maintenance_report,YES,YES,MATCHED
infrastructure_app_user,eqms_maintenance_report_detail,YES,YES,MATCHED
infrastructure_app_user,eqms_maintenance_report_detail_history,YES,YES,MATCHED
infrastructure_app_user,eqms_maintenance_report_equipment,YES,YES,MATCHED
infrastructure_app_user,eqms_maintenance_report_equipment_history,YES,YES,MATCHED
infrastructure_app_user,eqms_maintenance_report_history,YES,YES,MATCHED
infrastructure_app_user,eqms_maintenance_report_supporting_files,YES,YES,MATCHED
infrastructure_app_user,eqms_maintenance_report_supporting_files_history,YES,YES,MATCHED
infrastructure_app_user,eqms_maintenance_service_type_lk,YES,YES,MATCHED
infrastructure_app_user,eqms_menu_instance,YES,YES,MATCHED
infrastructure_app_user,eqms_menu_lk,YES,YES,MATCHED
infrastructure_app_user,eqms_module,YES,YES,MATCHED
infrastructure_app_user,eqms_nomenclature_category,YES,YES,MATCHED
infrastructure_app_user,eqms_object,YES,YES,MATCHED
infrastructure_app_user,eqms_object_context,YES,YES,MATCHED
infrastructure_app_user,eqms_object_project_instance,YES,YES,MATCHED
infrastructure_app_user,eqms_object_project_instance_history,YES,YES,MATCHED
infrastructure_app_user,eqms_organization,YES,YES,MATCHED
infrastructure_app_user,eqms_organization_department,YES,YES,MATCHED
infrastructure_app_user,eqms_organization_employee,YES,YES,MATCHED
infrastructure_app_user,eqms_organization_employee_history,YES,YES,MATCHED
infrastructure_app_user,eqms_organization_history,YES,YES,MATCHED
infrastructure_app_user,eqms_power_supply_lk,YES,YES,MATCHED
infrastructure_app_user,eqms_process_validation,YES,YES,MATCHED
infrastructure_app_user,eqms_process_validation_history,YES,YES,MATCHED
infrastructure_app_user,eqms_process_validation_iqc,YES,YES,MATCHED
infrastructure_app_user,eqms_process_validation_iqc_details,YES,YES,MATCHED
infrastructure_app_user,eqms_process_validation_iqc_details_history,YES,YES,MATCHED
infrastructure_app_user,eqms_process_validation_iqc_history,YES,YES,MATCHED
infrastructure_app_user,eqms_process_validation_oqc,YES,YES,MATCHED
infrastructure_app_user,eqms_process_validation_oqc_best_case_details,YES,YES,MATCHED
infrastructure_app_user,eqms_process_validation_oqc_best_case_details_history,YES,YES,MATCHED
infrastructure_app_user,eqms_process_validation_oqc_history,YES,YES,MATCHED
infrastructure_app_user,eqms_process_validation_oqc_worst_case_details,YES,YES,MATCHED
infrastructure_app_user,eqms_process_validation_oqc_worst_case_details_history,YES,YES,MATCHED
infrastructure_app_user,eqms_process_validation_pqc,YES,YES,MATCHED
infrastructure_app_user,eqms_process_validation_pqc_details,YES,YES,MATCHED
infrastructure_app_user,eqms_process_validation_pqc_details_history,YES,YES,MATCHED
infrastructure_app_user,eqms_process_validation_pqc_history,YES,YES,MATCHED
infrastructure_app_user,eqms_project,YES,YES,MATCHED
infrastructure_app_user,eqms_purchase_order,YES,YES,MATCHED
infrastructure_app_user,eqms_purchase_order_infrastructure_detail,YES,YES,MATCHED
infrastructure_app_user,eqms_record,YES,YES,MATCHED
infrastructure_app_user,eqms_roles_lk,YES,YES,MATCHED
infrastructure_app_user,eqms_schedule_status_lk,YES,YES,MATCHED
infrastructure_app_user,eqms_selection_lk,YES,YES,MATCHED
infrastructure_app_user,eqms_status_lk,YES,YES,MATCHED
infrastructure_app_user,eqms_tags,YES,YES,MATCHED
infrastructure_app_user,eqms_tools,YES,YES,MATCHED
infrastructure_app_user,eqms_users,YES,YES,MATCHED
infrastructure_app_user,eqms_vendors,YES,YES,MATCHED
infrastructure_app_user,eqms_verification_result_lk,YES,YES,MATCHED
magic_read_app_user,eqms_alarm_type_lk,YES,YES,MATCHED
magic_read_app_user,eqms_bom_assembly_part_details,YES,YES,MATCHED
magic_read_app_user,eqms_bom_assembly_parts,YES,YES,MATCHED
magic_read_app_user,eqms_bom_master,YES,YES,MATCHED
magic_read_app_user,eqms_brochure_content_legal_details,YES,YES,MATCHED
magic_read_app_user,eqms_brochure_content_marketing_details,YES,YES,MATCHED
magic_read_app_user,eqms_brochure_content_product_details,YES,YES,MATCHED
magic_read_app_user,eqms_brochure_content_regulatory_details,YES,YES,MATCHED
magic_read_app_user,eqms_brochure_content_sales_details,YES,YES,MATCHED
magic_read_app_user,eqms_component_record,YES,YES,MATCHED
magic_read_app_user,eqms_cost_heading_lk,YES,YES,MATCHED
magic_read_app_user,eqms_customer_master,YES,YES,MATCHED
magic_read_app_user,eqms_decision_lk,YES,YES,MATCHED
magic_read_app_user,eqms_delivery_dispatch,YES,NO,MISSING_IN_SQL
magic_read_app_user,eqms_delivery_product,YES,NO,MISSING_IN_SQL
magic_read_app_user,eqms_design_input_requirement,YES,YES,MATCHED
magic_read_app_user,eqms_design_specification_type_lk,YES,YES,MATCHED
magic_read_app_user,eqms_design_stage_item_lk,YES,YES,MATCHED
magic_read_app_user,eqms_design_stage_lk,YES,YES,MATCHED
magic_read_app_user,eqms_design_stage_type_lk,YES,YES,MATCHED
magic_read_app_user,eqms_design_transfer_acknowledgement,YES,YES,MATCHED
magic_read_app_user,eqms_design_transfer_acknowledgement_checklist_mapper,YES,YES,MATCHED
magic_read_app_user,eqms_design_transfer_checklist_lk,YES,YES,MATCHED
magic_read_app_user,eqms_design_transfer_documents,YES,YES,MATCHED
magic_read_app_user,eqms_designation_lk,YES,YES,MATCHED
magic_read_app_user,eqms_device_lk,YES,YES,MATCHED
magic_read_app_user,eqms_dig_specification,YES,YES,MATCHED
magic_read_app_user,eqms_dig_specification_country_mapper,YES,YES,MATCHED
magic_read_app_user,eqms_dig_specification_functional_block_mapper,YES,YES,MATCHED
magic_read_app_user,eqms_dig_specification_mapper,YES,YES,MATCHED
magic_read_app_user,eqms_dig_specification_model_mapper,YES,YES,MATCHED
magic_read_app_user,eqms_dig_specification_usability_type_mapper,YES,YES,MATCHED
magic_read_app_user,eqms_dir_adequacy_report,YES,YES,MATCHED
magic_read_app_user,eqms_dir_supporting_document,YES,YES,MATCHED
magic_read_app_user,eqms_dnd_document_lk,YES,YES,MATCHED
magic_read_app_user,eqms_equipment_calibration_details,YES,YES,MATCHED
magic_read_app_user,eqms_equipment_item,YES,YES,MATCHED
magic_read_app_user,eqms_equipment_lk,YES,YES,MATCHED
magic_read_app_user,eqms_execution_stage,YES,YES,MATCHED
magic_read_app_user,eqms_execution_stage_deliverables,YES,YES,MATCHED
magic_read_app_user,eqms_execution_stage_design_review_report,YES,YES,MATCHED
magic_read_app_user,eqms_execution_stage_verification,YES,YES,MATCHED
magic_read_app_user,eqms_execution_stage_verification_equipments,YES,YES,MATCHED
magic_read_app_user,eqms_execution_stage_verification_jigs,YES,YES,MATCHED
magic_read_app_user,eqms_execution_stage_verification_plan,YES,YES,MATCHED
magic_read_app_user,eqms_execution_stage_verification_report,YES,YES,MATCHED
magic_read_app_user,eqms_feasibility_decision,YES,YES,MATCHED
magic_read_app_user,eqms_feasibility_study_cost_report,YES,YES,MATCHED
magic_read_app_user,eqms_feasibility_study_design_team_role,YES,YES,MATCHED
magic_read_app_user,eqms_feasibility_study_report,YES,YES,MATCHED
magic_read_app_user,eqms_file,YES,YES,MATCHED
magic_read_app_user,eqms_file_category_lk,YES,YES,MATCHED
magic_read_app_user,eqms_file_history,YES,YES,MATCHED
magic_read_app_user,eqms_file_tags,YES,YES,MATCHED
magic_read_app_user,eqms_file_tags_history,YES,YES,MATCHED
magic_read_app_user,eqms_frequency_lk,YES,YES,MATCHED
magic_read_app_user,eqms_goods_inward,YES,NO,MISSING_IN_SQL
magic_read_app_user,eqms_goods_inward_detail,YES,NO,MISSING_IN_SQL
magic_read_app_user,eqms_high_level_design,YES,YES,MATCHED
magic_read_app_user,eqms_high_level_design_comp_landscape,YES,YES,MATCHED
magic_read_app_user,eqms_high_level_design_conversion_rate,YES,YES,MATCHED
magic_read_app_user,eqms_high_level_design_info,YES,YES,MATCHED
magic_read_app_user,eqms_high_level_design_market_demography,YES,YES,MATCHED
magic_read_app_user,eqms_high_level_design_market_segment,YES,YES,MATCHED
magic_read_app_user,eqms_high_level_design_requirements,YES,YES,MATCHED
magic_read_app_user,eqms_hr_candidate_evalution,YES,YES,MATCHED
magic_read_app_user,eqms_hr_candidate_evalution_skill_set,YES,YES,MATCHED
magic_read_app_user,eqms_hr_candidate_interviewer,YES,YES,MATCHED
magic_read_app_user,eqms_hr_employee_administrative_reports,YES,YES,MATCHED
magic_read_app_user,eqms_hr_employee_administrative_reports_history,YES,YES,MATCHED
magic_read_app_user,eqms_hr_employee_edu_qual_supporting_document,YES,YES,MATCHED
magic_read_app_user,eqms_hr_employee_experience_supporting_document,YES,YES,MATCHED
magic_read_app_user,eqms_hr_employee_functional_reports,YES,YES,MATCHED
magic_read_app_user,eqms_hr_employee_skill_set,YES,YES,MATCHED
magic_read_app_user,eqms_hr_employee_source_lk,YES,YES,MATCHED
magic_read_app_user,eqms_hr_employee_training_evaluation,YES,YES,MATCHED
magic_read_app_user,eqms_hr_employee_training_evaluation_history,YES,YES,MATCHED
magic_read_app_user,eqms_hr_employee_training_needs,YES,YES,MATCHED
magic_read_app_user,eqms_hr_employee_training_needs_mapper,YES,YES,MATCHED
magic_read_app_user,eqms_hr_employee_training_supporting_document,YES,YES,MATCHED
magic_read_app_user,eqms_hr_employment_type_lk,YES,YES,MATCHED
magic_read_app_user,eqms_hr_evalution_status_lk,YES,YES,MATCHED
magic_read_app_user,eqms_hr_induction_training,YES,YES,MATCHED
magic_read_app_user,eqms_hr_induction_training_employee_header,YES,YES,MATCHED
magic_read_app_user,eqms_hr_induction_training_topic_lk,YES,YES,MATCHED
magic_read_app_user,eqms_hr_induction_training_topic_supporting_file,YES,YES,MATCHED
magic_read_app_user,eqms_hr_recruitment_type_lk,YES,YES,MATCHED
magic_read_app_user,eqms_hr_resource_required_type_lk,YES,YES,MATCHED
magic_read_app_user,eqms_hr_resource_requisition,YES,YES,MATCHED
magic_read_app_user,eqms_hr_role_definition,YES,YES,MATCHED
magic_read_app_user,eqms_hr_role_definition_skill_level_mapper,YES,YES,MATCHED
magic_read_app_user,eqms_hr_skill_level_lk,YES,YES,MATCHED
magic_read_app_user,eqms_hr_skill_master,YES,YES,MATCHED
magic_read_app_user,eqms_hr_training_attendee,YES,YES,MATCHED
magic_read_app_user,eqms_hr_training_evaluation,YES,YES,MATCHED
magic_read_app_user,eqms_image,YES,YES,MATCHED
magic_read_app_user,eqms_incoming_inspection_deviation_note,YES,NO,MISSING_IN_SQL
magic_read_app_user,eqms_incoming_inspection_part_details,YES,NO,MISSING_IN_SQL
magic_read_app_user,eqms_incoming_inspection_results,YES,NO,MISSING_IN_SQL
magic_read_app_user,eqms_infrastructure,YES,NO,MISSING_IN_SQL
magic_read_app_user,eqms_infrastructure_doc_supporting_files,YES,NO,MISSING_IN_SQL
magic_read_app_user,eqms_infrastructure_installation_report,YES,NO,MISSING_IN_SQL
magic_read_app_user,eqms_infrastructure_maintenance_plan,YES,YES,MATCHED
magic_read_app_user,eqms_infrastructure_maintenance_plan_detail,YES,YES,MATCHED
magic_read_app_user,eqms_infrastructure_maintenance_plan_equipments,YES,YES,MATCHED
magic_read_app_user,eqms_infrastructure_maintenance_plan_skill_mapper,YES,YES,MATCHED
magic_read_app_user,eqms_infrastructure_maintenance_plan_tools,YES,YES,MATCHED
magic_read_app_user,eqms_infrastructure_maintenance_schedule_detail,YES,NO,MISSING_IN_SQL
magic_read_app_user,eqms_infrastructure_qualification,YES,NO,MISSING_IN_SQL
magic_read_app_user,eqms_infrastructure_qualification_checklist,YES,NO,MISSING_IN_SQL
magic_read_app_user,eqms_infrastructure_qualification_checklist_items,YES,NO,MISSING_IN_SQL
magic_read_app_user,eqms_infrastructure_qualification_test,YES,NO,MISSING_IN_SQL
magic_read_app_user,eqms_infrastructure_request,YES,NO,MISSING_IN_SQL
magic_read_app_user,eqms_infrastructure_type_lk,YES,YES,MATCHED
magic_read_app_user,eqms_jig_lk,YES,YES,MATCHED
magic_read_app_user,eqms_labelling_packaging_type_lk,YES,YES,MATCHED
magic_read_app_user,eqms_lifetime_calculation_criteria,YES,YES,MATCHED
magic_read_app_user,eqms_maintenance_plan,YES,NO,MISSING_IN_SQL
magic_read_app_user,eqms_maintenance_plan_detail,YES,NO,MISSING_IN_SQL
magic_read_app_user,eqms_maintenance_plan_equipments,YES,NO,MISSING_IN_SQL
magic_read_app_user,eqms_maintenance_plan_skill_mapper,YES,NO,MISSING_IN_SQL
magic_read_app_user,eqms_maintenance_plan_tools,YES,NO,MISSING_IN_SQL
magic_read_app_user,eqms_maintenance_report,YES,YES,MATCHED
magic_read_app_user,eqms_maintenance_report_detail,YES,YES,MATCHED
magic_read_app_user,eqms_maintenance_report_equipment,YES,YES,MATCHED
magic_read_app_user,eqms_maintenance_service_type_lk,YES,YES,MATCHED
magic_read_app_user,eqms_market,YES,YES,MATCHED
magic_read_app_user,eqms_market_demography_category_lk,YES,YES,MATCHED
magic_read_app_user,eqms_market_demography_sub_category_lk,YES,YES,MATCHED
magic_read_app_user,eqms_market_segment_lk,YES,YES,MATCHED
magic_read_app_user,eqms_order_acknowledgement,YES,NO,MISSING_IN_SQL
magic_read_app_user,eqms_organization,YES,YES,MATCHED
magic_read_app_user,eqms_organization_department,YES,YES,MATCHED
magic_read_app_user,eqms_organization_employee,YES,YES,MATCHED
magic_read_app_user,eqms_organization_product,YES,YES,MATCHED
magic_read_app_user,eqms_organization_site,YES,YES,MATCHED
magic_read_app_user,eqms_part_lk,YES,YES,MATCHED
magic_read_app_user,eqms_pilot_validation_place,YES,YES,MATCHED
magic_read_app_user,eqms_pilot_validation_plan,YES,YES,MATCHED
magic_read_app_user,eqms_pilot_validation_plan_document,YES,YES,MATCHED
magic_read_app_user,eqms_pilot_validation_plan_supporting_documents,YES,YES,MATCHED
magic_read_app_user,eqms_pilot_validation_report,YES,YES,MATCHED
magic_read_app_user,eqms_pilot_validation_report_feedback_details,YES,YES,MATCHED
magic_read_app_user,eqms_pilot_validation_report_feedback_dir_mapper,YES,YES,MATCHED
magic_read_app_user,eqms_pilot_validation_results,YES,YES,MATCHED
magic_read_app_user,eqms_pnd_buyer_chosen_requirements,YES,YES,MATCHED
magic_read_app_user,eqms_pnd_buyer_lk,YES,YES,MATCHED
magic_read_app_user,eqms_pnd_end_user_chosen_requirements,YES,YES,MATCHED
magic_read_app_user,eqms_pnd_item_lk,YES,YES,MATCHED
magic_read_app_user,eqms_pnd_items,YES,YES,MATCHED
magic_read_app_user,eqms_pnd_review_report_breakdown,YES,YES,MATCHED
magic_read_app_user,eqms_pnd_specification,YES,YES,MATCHED
magic_read_app_user,eqms_pnd_text_requirements,YES,YES,MATCHED
magic_read_app_user,eqms_product_brochure_content,YES,YES,MATCHED
magic_read_app_user,eqms_product_category_lk,YES,YES,MATCHED
magic_read_app_user,eqms_product_functional_blocks,YES,YES,MATCHED
magic_read_app_user,eqms_product_life_declaration,YES,YES,MATCHED
magic_read_app_user,eqms_product_need_document,YES,YES,MATCHED
magic_read_app_user,eqms_product_quality_objective,YES,YES,MATCHED
magic_read_app_user,eqms_product_realization_plan,YES,YES,MATCHED
magic_read_app_user,eqms_product_realization_stage_process,YES,YES,MATCHED
magic_read_app_user,eqms_product_regulations,YES,YES,MATCHED
magic_read_app_user,eqms_product_variants,YES,YES,MATCHED
magic_read_app_user,eqms_product_website_content,YES,NO,MISSING_IN_SQL
magic_read_app_user,eqms_project,YES,YES,MATCHED
magic_read_app_user,eqms_project_applicable_specification,YES,YES,MATCHED
magic_read_app_user,eqms_project_build_stage_order,YES,YES,MATCHED
magic_read_app_user,eqms_project_build_stages,YES,YES,MATCHED
magic_read_app_user,eqms_project_design_input_gathering,YES,YES,MATCHED
magic_read_app_user,eqms_project_design_team_member,YES,YES,MATCHED
magic_read_app_user,eqms_project_design_team_member_selection,YES,YES,MATCHED
magic_read_app_user,eqms_project_design_team_other_member,YES,YES,MATCHED
magic_read_app_user,eqms_project_design_team_stages_mapper,YES,YES,MATCHED
magic_read_app_user,eqms_project_design_transfer_plan,YES,YES,MATCHED
magic_read_app_user,eqms_project_dig_models,YES,YES,MATCHED
magic_read_app_user,eqms_project_dir_traceability_applicability,YES,YES,MATCHED
magic_read_app_user,eqms_project_plan,YES,YES,MATCHED
magic_read_app_user,eqms_project_plan_design_review,YES,YES,MATCHED
magic_read_app_user,eqms_project_plan_equipment,YES,YES,MATCHED
magic_read_app_user,eqms_project_plan_procedure_reference,YES,YES,MATCHED
magic_read_app_user,eqms_project_plan_schedule,YES,YES,MATCHED
magic_read_app_user,eqms_project_plan_stagewise_deliverable,YES,YES,MATCHED
magic_read_app_user,eqms_project_plan_tool,YES,YES,MATCHED
magic_read_app_user,eqms_project_plan_validation_method,YES,YES,MATCHED
magic_read_app_user,eqms_project_product_variants,YES,YES,MATCHED
magic_read_app_user,eqms_project_quality_plan,YES,YES,MATCHED
magic_read_app_user,eqms_project_quality_reports,YES,YES,MATCHED
magic_read_app_user,eqms_project_quality_specifications,YES,YES,MATCHED
magic_read_app_user,eqms_project_stage_activity,YES,YES,MATCHED
magic_read_app_user,eqms_purchase_order,YES,YES,MATCHED
magic_read_app_user,eqms_purchase_order_infrastructure_detail,YES,YES,MATCHED
magic_read_app_user,eqms_purchase_order_invoice_to,YES,YES,MATCHED
magic_read_app_user,eqms_purchase_order_part_detail,YES,YES,MATCHED
magic_read_app_user,eqms_purchase_order_ship_to,YES,YES,MATCHED
magic_read_app_user,eqms_quotation,YES,NO,MISSING_IN_SQL
magic_read_app_user,eqms_quotation_customer,YES,NO,MISSING_IN_SQL
magic_read_app_user,eqms_quotation_product,YES,NO,MISSING_IN_SQL
magic_read_app_user,eqms_record,YES,YES,MATCHED
magic_read_app_user,eqms_reg_aspects_predicate_device,YES,NO,MISSING_IN_SQL
magic_read_app_user,eqms_reg_biocompatible_test_results,YES,NO,MISSING_IN_SQL
magic_read_app_user,eqms_reg_conformity_declaration,YES,NO,MISSING_IN_SQL
magic_read_app_user,eqms_reg_country_lk,YES,YES,MATCHED
magic_read_app_user,eqms_reg_department_user_count,YES,YES,MATCHED
magic_read_app_user,eqms_reg_device_master_file,YES,NO,MISSING_IN_SQL
magic_read_app_user,eqms_reg_device_product_specification,YES,NO,MISSING_IN_SQL
magic_read_app_user,eqms_reg_device_product_specification_aspects,YES,YES,MATCHED
magic_read_app_user,eqms_reg_device_verification_validation,YES,NO,MISSING_IN_SQL
magic_read_app_user,eqms_reg_dmf_design_manufacturing_information,YES,NO,MISSING_IN_SQL
magic_read_app_user,eqms_reg_dmf_essential_principles_checklist,YES,NO,MISSING_IN_SQL
magic_read_app_user,eqms_reg_dmf_executive_summary,YES,NO,MISSING_IN_SQL
magic_read_app_user,eqms_reg_dmf_labelling,YES,NO,MISSING_IN_SQL
magic_read_app_user,eqms_reg_dmf_risk_control_summary,YES,NO,MISSING_IN_SQL
magic_read_app_user,eqms_reg_field_safety_corrective_action,YES,NO,MISSING_IN_SQL
magic_read_app_user,eqms_reg_field_safety_country_mapping,YES,NO,MISSING_IN_SQL
magic_read_app_user,eqms_reg_market_clearance,YES,NO,MISSING_IN_SQL
magic_read_app_user,eqms_reg_marketing_device_launch,YES,NO,MISSING_IN_SQL
magic_read_app_user,eqms_reg_material_direct_contact,YES,NO,MISSING_IN_SQL
magic_read_app_user,eqms_reg_material_direct_contact_verification,YES,NO,MISSING_IN_SQL
magic_read_app_user,eqms_reg_material_indirect_contact,YES,NO,MISSING_IN_SQL
magic_read_app_user,eqms_reg_material_indirect_contact_verification,YES,NO,MISSING_IN_SQL
magic_read_app_user,eqms_reg_plant_master_file,YES,YES,MATCHED
magic_read_app_user,eqms_reg_pmf_contract_activities,YES,YES,MATCHED
magic_read_app_user,eqms_reg_pmf_documentation,YES,YES,MATCHED
magic_read_app_user,eqms_reg_pmf_equipment,YES,YES,MATCHED
magic_read_app_user,eqms_reg_pmf_facility_premises,YES,YES,MATCHED
magic_read_app_user,eqms_reg_pmf_general_information,YES,YES,MATCHED
magic_read_app_user,eqms_reg_pmf_handling_complaints,YES,YES,MATCHED
magic_read_app_user,eqms_reg_pmf_internal_audit,YES,YES,MATCHED
magic_read_app_user,eqms_reg_pmf_personnel,YES,YES,MATCHED
magic_read_app_user,eqms_reg_pmf_production,YES,YES,MATCHED
magic_read_app_user,eqms_reg_pmf_quality_assurance,YES,YES,MATCHED
magic_read_app_user,eqms_reg_pmf_sanitation,YES,YES,MATCHED
magic_read_app_user,eqms_reg_pmf_storage,YES,YES,MATCHED
magic_read_app_user,eqms_reg_product_classification,YES,YES,MATCHED
magic_read_app_user,eqms_reg_regulatory_agency_lk,YES,YES,MATCHED
magic_read_app_user,eqms_reg_regulatory_approvals,YES,NO,MISSING_IN_SQL
magic_read_app_user,eqms_reg_serious_adverse_event,YES,NO,MISSING_IN_SQL
magic_read_app_user,eqms_regulation,YES,YES,MATCHED
magic_read_app_user,eqms_regulation_standard,YES,YES,MATCHED
magic_read_app_user,eqms_roles_lk,YES,YES,MATCHED
magic_read_app_user,eqms_sanity_check_inspection,YES,NO,MISSING_IN_SQL
magic_read_app_user,eqms_selection_lk,YES,YES,MATCHED
magic_read_app_user,eqms_tags,YES,YES,MATCHED
magic_read_app_user,eqms_target_audience_type_lk,YES,YES,MATCHED
magic_read_app_user,eqms_tools,YES,YES,MATCHED
magic_read_app_user,eqms_usability_type,YES,YES,MATCHED
magic_read_app_user,eqms_users,YES,YES,MATCHED
magic_read_app_user,eqms_vendor_agreement_checklist,YES,NO,MISSING_IN_SQL
magic_read_app_user,eqms_vendor_agreement_checklist_lk,YES,YES,MATCHED
magic_read_app_user,eqms_vendor_agreement_checklist_status,YES,YES,MATCHED
magic_read_app_user,eqms_vendors,YES,NO,MISSING_IN_SQL
magic_read_app_user,eqms_verification_result_lk,YES,YES,MATCHED
magic_read_app_user,eqms_website_content_legal_details,YES,NO,MISSING_IN_SQL
magic_read_app_user,eqms_website_content_marketing_details,YES,NO,MISSING_IN_SQL
magic_read_app_user,eqms_website_content_product_details,YES,NO,MISSING_IN_SQL
magic_read_app_user,eqms_website_content_regulatory_details,YES,NO,MISSING_IN_SQL
magic_read_app_user,eqms_website_content_sales_details,YES,NO,MISSING_IN_SQL
magic_save_app_user,eqms_brochure_content_legal_details,NO,YES,EXTRA_IN_SQL
magic_save_app_user,eqms_brochure_content_legal_details_history,NO,YES,EXTRA_IN_SQL
magic_save_app_user,eqms_brochure_content_marketing_details,NO,YES,EXTRA_IN_SQL
magic_save_app_user,eqms_brochure_content_marketing_details_history,NO,YES,EXTRA_IN_SQL
magic_save_app_user,eqms_brochure_content_product_details,NO,YES,EXTRA_IN_SQL
magic_save_app_user,eqms_brochure_content_product_details_history,NO,YES,EXTRA_IN_SQL
magic_save_app_user,eqms_brochure_content_regulatory_details,NO,YES,EXTRA_IN_SQL
magic_save_app_user,eqms_brochure_content_regulatory_details_history,NO,YES,EXTRA_IN_SQL
magic_save_app_user,eqms_brochure_content_sales_details,NO,YES,EXTRA_IN_SQL
magic_save_app_user,eqms_brochure_content_sales_details_history,NO,YES,EXTRA_IN_SQL
magic_save_app_user,eqms_context_types,NO,YES,EXTRA_IN_SQL
magic_save_app_user,eqms_design_input_requirement,YES,YES,MATCHED
magic_save_app_user,eqms_design_input_requirement_history,YES,YES,MATCHED
magic_save_app_user,eqms_designation_lk,NO,YES,EXTRA_IN_SQL
magic_save_app_user,eqms_device_lk,YES,YES,MATCHED
magic_save_app_user,eqms_device_lk_history,YES,YES,MATCHED
magic_save_app_user,eqms_dig_specification,YES,YES,MATCHED
magic_save_app_user,eqms_dig_specification_country_mapper,YES,YES,MATCHED
magic_save_app_user,eqms_dig_specification_country_mapper_history,YES,YES,MATCHED
magic_save_app_user,eqms_dig_specification_functional_block_mapper,YES,YES,MATCHED
magic_save_app_user,eqms_dig_specification_functional_block_mapper_history,YES,YES,MATCHED
magic_save_app_user,eqms_dig_specification_history,YES,YES,MATCHED
magic_save_app_user,eqms_dig_specification_mapper,YES,YES,MATCHED
magic_save_app_user,eqms_dig_specification_mapper_history,YES,YES,MATCHED
magic_save_app_user,eqms_dig_specification_model_mapper,YES,YES,MATCHED
magic_save_app_user,eqms_dig_specification_model_mapper_history,YES,YES,MATCHED
magic_save_app_user,eqms_dir_supporting_document,YES,YES,MATCHED
magic_save_app_user,eqms_dir_supporting_document_history,YES,YES,MATCHED
magic_save_app_user,eqms_file,YES,YES,MATCHED
magic_save_app_user,eqms_file_category_lk,YES,YES,MATCHED
magic_save_app_user,eqms_file_tags,YES,YES,MATCHED
magic_save_app_user,eqms_form_draft_supporting_files,NO,YES,EXTRA_IN_SQL
magic_save_app_user,eqms_form_drafts,NO,YES,EXTRA_IN_SQL
magic_save_app_user,eqms_form_menu_mapping,YES,YES,MATCHED
magic_save_app_user,eqms_hr_add_employee_training_needs,NO,YES,EXTRA_IN_SQL
magic_save_app_user,eqms_hr_add_employee_training_needs_history,NO,YES,EXTRA_IN_SQL
magic_save_app_user,eqms_hr_add_employee_training_supporting_document,NO,YES,EXTRA_IN_SQL
magic_save_app_user,eqms_hr_add_employee_training_supporting_document_history,NO,YES,EXTRA_IN_SQL
magic_save_app_user,eqms_hr_candidate_evalution,NO,YES,EXTRA_IN_SQL
magic_save_app_user,eqms_hr_candidate_evalution_history,NO,YES,EXTRA_IN_SQL
magic_save_app_user,eqms_hr_candidate_evalution_skill_set,NO,YES,EXTRA_IN_SQL
magic_save_app_user,eqms_hr_candidate_evalution_skill_set_history,NO,YES,EXTRA_IN_SQL
magic_save_app_user,eqms_hr_candidate_evalution_supporting_files,NO,YES,EXTRA_IN_SQL
magic_save_app_user,eqms_hr_candidate_evalution_supporting_files_history,NO,YES,EXTRA_IN_SQL
magic_save_app_user,eqms_hr_candidate_interviewer,NO,YES,EXTRA_IN_SQL
magic_save_app_user,eqms_hr_candidate_interviewer_history,NO,YES,EXTRA_IN_SQL
magic_save_app_user,eqms_hr_employee_administrative_reports,NO,YES,EXTRA_IN_SQL
magic_save_app_user,eqms_hr_employee_administrative_reports_history,NO,YES,EXTRA_IN_SQL
magic_save_app_user,eqms_hr_employee_area_expertise_supporting_document,NO,YES,EXTRA_IN_SQL
magic_save_app_user,eqms_hr_employee_area_expertise_supporting_document_history,NO,YES,EXTRA_IN_SQL
magic_save_app_user,eqms_hr_employee_edu_qual_supporting_document,NO,YES,EXTRA_IN_SQL
magic_save_app_user,eqms_hr_employee_edu_qual_supporting_document_history,NO,YES,EXTRA_IN_SQL
magic_save_app_user,eqms_hr_employee_experience_supporting_document,NO,YES,EXTRA_IN_SQL
magic_save_app_user,eqms_hr_employee_experience_supporting_document_history,NO,YES,EXTRA_IN_SQL
magic_save_app_user,eqms_hr_employee_skill_set,NO,YES,EXTRA_IN_SQL
magic_save_app_user,eqms_hr_employee_skill_set_history,NO,YES,EXTRA_IN_SQL
magic_save_app_user,eqms_hr_employee_skill_supporting_document,NO,YES,EXTRA_IN_SQL
magic_save_app_user,eqms_hr_employee_skill_supporting_document_history,NO,YES,EXTRA_IN_SQL
magic_save_app_user,eqms_hr_employee_source_lk,NO,YES,EXTRA_IN_SQL
magic_save_app_user,eqms_hr_employee_training_evaluation,NO,YES,EXTRA_IN_SQL
magic_save_app_user,eqms_hr_employee_training_evaluation_history,NO,YES,EXTRA_IN_SQL
magic_save_app_user,eqms_hr_employee_training_evaluation_supporting_files,NO,YES,EXTRA_IN_SQL
magic_save_app_user,eqms_hr_employee_training_evaluation_supporting_files_history,NO,YES,EXTRA_IN_SQL
magic_save_app_user,eqms_hr_employee_training_needs,NO,YES,EXTRA_IN_SQL
magic_save_app_user,eqms_hr_employee_training_needs_history,NO,YES,EXTRA_IN_SQL
magic_save_app_user,eqms_hr_employee_training_needs_mapper,NO,YES,EXTRA_IN_SQL
magic_save_app_user,eqms_hr_employee_training_needs_mapper_history,NO,YES,EXTRA_IN_SQL
magic_save_app_user,eqms_hr_employee_training_supporting_document,NO,YES,EXTRA_IN_SQL
magic_save_app_user,eqms_hr_employment_type_lk,NO,YES,EXTRA_IN_SQL
magic_save_app_user,eqms_hr_evalution_status_lk,NO,YES,EXTRA_IN_SQL
magic_save_app_user,eqms_hr_health_checkup,NO,YES,EXTRA_IN_SQL
magic_save_app_user,eqms_hr_health_checkup_com_dis_supporting_document,NO,YES,EXTRA_IN_SQL
magic_save_app_user,eqms_hr_health_checkup_eye_test_supporting_document,NO,YES,EXTRA_IN_SQL
magic_save_app_user,eqms_hr_health_checkup_vaccinations_supporting_document,NO,YES,EXTRA_IN_SQL
magic_save_app_user,eqms_hr_induction_training,NO,YES,EXTRA_IN_SQL
magic_save_app_user,eqms_hr_induction_training_employee_header,NO,YES,EXTRA_IN_SQL
magic_save_app_user,eqms_hr_induction_training_employee_header_history,NO,YES,EXTRA_IN_SQL
magic_save_app_user,eqms_hr_induction_training_history,NO,YES,EXTRA_IN_SQL
magic_save_app_user,eqms_hr_induction_training_topic_lk,NO,YES,EXTRA_IN_SQL
magic_save_app_user,eqms_hr_induction_training_topic_supporting_file,NO,YES,EXTRA_IN_SQL
magic_save_app_user,eqms_hr_recruitment_type_lk,NO,YES,EXTRA_IN_SQL
magic_save_app_user,eqms_hr_resource_required_type_lk,NO,YES,EXTRA_IN_SQL
magic_save_app_user,eqms_hr_resource_requisition,NO,YES,EXTRA_IN_SQL
magic_save_app_user,eqms_hr_resource_requisition_history,NO,YES,EXTRA_IN_SQL
magic_save_app_user,eqms_hr_role_definition,NO,YES,EXTRA_IN_SQL
magic_save_app_user,eqms_hr_role_definition_history,NO,YES,EXTRA_IN_SQL
magic_save_app_user,eqms_hr_role_definition_skill_level_mapper,NO,YES,EXTRA_IN_SQL
magic_save_app_user,eqms_hr_role_definition_skill_level_mapper_history,NO,YES,EXTRA_IN_SQL
magic_save_app_user,eqms_hr_skill_level_lk,NO,YES,EXTRA_IN_SQL
magic_save_app_user,eqms_hr_skill_master,NO,YES,EXTRA_IN_SQL
magic_save_app_user,eqms_hr_skill_master_history,NO,YES,EXTRA_IN_SQL
magic_save_app_user,eqms_hr_skill_supporting_files,NO,YES,EXTRA_IN_SQL
magic_save_app_user,eqms_hr_skill_supporting_files_history,NO,YES,EXTRA_IN_SQL
magic_save_app_user,eqms_hr_training_attendee,NO,YES,EXTRA_IN_SQL
magic_save_app_user,eqms_hr_training_attendee_history,NO,YES,EXTRA_IN_SQL
magic_save_app_user,eqms_hr_training_certificate_supporting_file,NO,YES,EXTRA_IN_SQL
magic_save_app_user,eqms_hr_training_certificate_supporting_file_history,NO,YES,EXTRA_IN_SQL
magic_save_app_user,eqms_hr_training_evaluation,NO,YES,EXTRA_IN_SQL
magic_save_app_user,eqms_hr_training_evaluation_history,NO,YES,EXTRA_IN_SQL
magic_save_app_user,eqms_hr_training_materials_supporting_file,NO,YES,EXTRA_IN_SQL
magic_save_app_user,eqms_hr_training_materials_supporting_file_history,NO,YES,EXTRA_IN_SQL
magic_save_app_user,eqms_hr_training_schedule,NO,YES,EXTRA_IN_SQL
magic_save_app_user,eqms_hr_training_schedule_history,NO,YES,EXTRA_IN_SQL
magic_save_app_user,eqms_hr_training_skill,NO,YES,EXTRA_IN_SQL
magic_save_app_user,eqms_hr_training_skill_history,NO,YES,EXTRA_IN_SQL
magic_save_app_user,eqms_labelling_packaging_type_lk,YES,YES,MATCHED
magic_save_app_user,eqms_labelling_packaging_type_lk_history,YES,YES,MATCHED
magic_save_app_user,eqms_maintenance_report,NO,YES,EXTRA_IN_SQL
magic_save_app_user,eqms_maintenance_report_detail,NO,YES,EXTRA_IN_SQL
magic_save_app_user,eqms_maintenance_report_equipment,NO,YES,EXTRA_IN_SQL
magic_save_app_user,eqms_maintenance_service_type_lk,NO,YES,EXTRA_IN_SQL
magic_save_app_user,eqms_market,YES,YES,MATCHED
magic_save_app_user,eqms_market_demography_category_lk,YES,YES,MATCHED
magic_save_app_user,eqms_market_demography_sub_category_lk,YES,YES,MATCHED
magic_save_app_user,eqms_market_segment_lk,NO,YES,EXTRA_IN_SQL
magic_save_app_user,eqms_order_acknowledgement,NO,YES,EXTRA_IN_SQL
magic_save_app_user,eqms_organization,NO,YES,EXTRA_IN_SQL
magic_save_app_user,eqms_organization_department,NO,YES,EXTRA_IN_SQL
magic_save_app_user,eqms_organization_employee,NO,YES,EXTRA_IN_SQL
magic_save_app_user,eqms_organization_employee_history,NO,YES,EXTRA_IN_SQL
magic_save_app_user,eqms_organization_employee_supporting_document,NO,YES,EXTRA_IN_SQL
magic_save_app_user,eqms_organization_employee_supporting_document_history,NO,YES,EXTRA_IN_SQL
magic_save_app_user,eqms_organization_product,NO,YES,EXTRA_IN_SQL
magic_save_app_user,eqms_organization_site,NO,YES,EXTRA_IN_SQL
magic_save_app_user,eqms_part_lk,NO,YES,EXTRA_IN_SQL
magic_save_app_user,eqms_pilot_validation_place,NO,YES,EXTRA_IN_SQL
magic_save_app_user,eqms_pilot_validation_plan,NO,YES,EXTRA_IN_SQL
magic_save_app_user,eqms_pilot_validation_plan_document,NO,YES,EXTRA_IN_SQL
magic_save_app_user,eqms_pilot_validation_plan_supporting_documents,NO,YES,EXTRA_IN_SQL
magic_save_app_user,eqms_pilot_validation_report,NO,YES,EXTRA_IN_SQL
magic_save_app_user,eqms_pilot_validation_report_feedback_details,NO,YES,EXTRA_IN_SQL
magic_save_app_user,eqms_pilot_validation_report_feedback_dir_mapper,NO,YES,EXTRA_IN_SQL
magic_save_app_user,eqms_pilot_validation_results,NO,YES,EXTRA_IN_SQL
magic_save_app_user,eqms_pnd_buyer_chosen_requirements,NO,YES,EXTRA_IN_SQL
magic_save_app_user,eqms_pnd_buyer_lk,NO,YES,EXTRA_IN_SQL
magic_save_app_user,eqms_pnd_end_user_chosen_requirements,NO,YES,EXTRA_IN_SQL
magic_save_app_user,eqms_pnd_item_lk,NO,YES,EXTRA_IN_SQL
magic_save_app_user,eqms_pnd_items,NO,YES,EXTRA_IN_SQL
magic_save_app_user,eqms_pnd_review_report_breakdown,NO,YES,EXTRA_IN_SQL
magic_save_app_user,eqms_pnd_specification,NO,YES,EXTRA_IN_SQL
magic_save_app_user,eqms_pnd_text_requirements,NO,YES,EXTRA_IN_SQL
magic_save_app_user,eqms_product_brochure_content,NO,YES,EXTRA_IN_SQL
magic_save_app_user,eqms_product_category_lk,NO,YES,EXTRA_IN_SQL
magic_save_app_user,eqms_product_functional_blocks,NO,YES,EXTRA_IN_SQL
magic_save_app_user,eqms_product_life_declaration,NO,YES,EXTRA_IN_SQL
magic_save_app_user,eqms_product_need_document,NO,YES,EXTRA_IN_SQL
magic_save_app_user,eqms_product_quality_objective,NO,YES,EXTRA_IN_SQL
magic_save_app_user,eqms_product_realization_plan,NO,YES,EXTRA_IN_SQL
magic_save_app_user,eqms_product_realization_stage_process,NO,YES,EXTRA_IN_SQL
magic_save_app_user,eqms_product_regulations,NO,YES,EXTRA_IN_SQL
magic_save_app_user,eqms_product_variants,NO,YES,EXTRA_IN_SQL
magic_save_app_user,eqms_project,NO,YES,EXTRA_IN_SQL
magic_save_app_user,eqms_project_applicable_specification,NO,YES,EXTRA_IN_SQL
magic_save_app_user,eqms_project_build_stage_order,NO,YES,EXTRA_IN_SQL
magic_save_app_user,eqms_project_build_stages,NO,YES,EXTRA_IN_SQL
magic_save_app_user,eqms_project_design_input_gathering,NO,YES,EXTRA_IN_SQL
magic_save_app_user,eqms_project_design_team_member,NO,YES,EXTRA_IN_SQL
magic_save_app_user,eqms_project_design_team_member_selection,NO,YES,EXTRA_IN_SQL
magic_save_app_user,eqms_project_design_team_other_member,NO,YES,EXTRA_IN_SQL
magic_save_app_user,eqms_project_design_team_stages_mapper,NO,YES,EXTRA_IN_SQL
magic_save_app_user,eqms_project_design_transfer_plan,NO,YES,EXTRA_IN_SQL
magic_save_app_user,eqms_project_dig_models,NO,YES,EXTRA_IN_SQL
magic_save_app_user,eqms_project_dir_traceability_applicability,NO,YES,EXTRA_IN_SQL
magic_save_app_user,eqms_project_plan,NO,YES,EXTRA_IN_SQL
magic_save_app_user,eqms_project_plan_design_review,NO,YES,EXTRA_IN_SQL
magic_save_app_user,eqms_project_plan_equipment,NO,YES,EXTRA_IN_SQL
magic_save_app_user,eqms_project_plan_procedure_reference,NO,YES,EXTRA_IN_SQL
magic_save_app_user,eqms_project_plan_schedule,NO,YES,EXTRA_IN_SQL
magic_save_app_user,eqms_project_plan_stagewise_deliverable,NO,YES,EXTRA_IN_SQL
magic_save_app_user,eqms_project_plan_tool,NO,YES,EXTRA_IN_SQL
magic_save_app_user,eqms_project_plan_validation_method,NO,YES,EXTRA_IN_SQL
magic_save_app_user,eqms_project_product_variants,NO,YES,EXTRA_IN_SQL
magic_save_app_user,eqms_project_quality_plan,NO,YES,EXTRA_IN_SQL
magic_save_app_user,eqms_project_quality_reports,NO,YES,EXTRA_IN_SQL
magic_save_app_user,eqms_project_quality_specifications,NO,YES,EXTRA_IN_SQL
magic_save_app_user,eqms_project_stage_activity,NO,YES,EXTRA_IN_SQL
magic_save_app_user,eqms_purchase_order,NO,YES,EXTRA_IN_SQL
magic_save_app_user,eqms_purchase_order_infrastructure_detail,NO,YES,EXTRA_IN_SQL
magic_save_app_user,eqms_purchase_order_invoice_to,NO,YES,EXTRA_IN_SQL
magic_save_app_user,eqms_purchase_order_part_detail,NO,YES,EXTRA_IN_SQL
magic_save_app_user,eqms_purchase_order_ship_to,NO,YES,EXTRA_IN_SQL
magic_save_app_user,eqms_record,YES,YES,MATCHED
magic_save_app_user,eqms_reg_country_lk,NO,YES,EXTRA_IN_SQL
magic_save_app_user,eqms_reg_department_user_count,NO,YES,EXTRA_IN_SQL
magic_save_app_user,eqms_reg_device_product_specification_aspects,NO,YES,EXTRA_IN_SQL
magic_save_app_user,eqms_reg_plant_master_file,NO,YES,EXTRA_IN_SQL
magic_save_app_user,eqms_reg_pmf_contract_activities,NO,YES,EXTRA_IN_SQL
magic_save_app_user,eqms_reg_pmf_documentation,NO,YES,EXTRA_IN_SQL
magic_save_app_user,eqms_reg_pmf_equipment,NO,YES,EXTRA_IN_SQL
magic_save_app_user,eqms_reg_pmf_facility_premises,NO,YES,EXTRA_IN_SQL
magic_save_app_user,eqms_reg_pmf_general_information,NO,YES,EXTRA_IN_SQL
magic_save_app_user,eqms_reg_pmf_handling_complaints,NO,YES,EXTRA_IN_SQL
magic_save_app_user,eqms_reg_pmf_internal_audit,NO,YES,EXTRA_IN_SQL
magic_save_app_user,eqms_reg_pmf_personnel,NO,YES,EXTRA_IN_SQL
magic_save_app_user,eqms_reg_pmf_production,NO,YES,EXTRA_IN_SQL
magic_save_app_user,eqms_reg_pmf_quality_assurance,NO,YES,EXTRA_IN_SQL
magic_save_app_user,eqms_reg_pmf_sanitation,NO,YES,EXTRA_IN_SQL
magic_save_app_user,eqms_reg_pmf_storage,NO,YES,EXTRA_IN_SQL
magic_save_app_user,eqms_reg_product_classification,NO,YES,EXTRA_IN_SQL
magic_save_app_user,eqms_reg_regulatory_agency_lk,NO,YES,EXTRA_IN_SQL
magic_save_app_user,eqms_regulation,NO,YES,EXTRA_IN_SQL
magic_save_app_user,eqms_regulation_standard,NO,YES,EXTRA_IN_SQL
magic_save_app_user,eqms_roles_lk,NO,YES,EXTRA_IN_SQL
magic_save_app_user,eqms_sanity_check_inspection,NO,YES,EXTRA_IN_SQL
magic_save_app_user,eqms_tags,YES,YES,MATCHED
magic_save_app_user,eqms_target_audience_type_lk,NO,YES,EXTRA_IN_SQL
magic_save_app_user,eqms_tools,NO,YES,EXTRA_IN_SQL
magic_save_app_user,eqms_usability_type,NO,YES,EXTRA_IN_SQL
magic_save_app_user,eqms_users,NO,YES,EXTRA_IN_SQL
magic_save_app_user,eqms_vendor_agreement_checklist_lk,NO,YES,EXTRA_IN_SQL
magic_save_app_user,eqms_vendor_agreement_checklist_status,NO,YES,EXTRA_IN_SQL
magic_save_app_user,eqms_verification_result_lk,NO,YES,EXTRA_IN_SQL
notification_app_user,eqms_nc_email_notification_log,NO,YES,EXTRA_IN_SQL
notification_app_user,eqms_nc_email_provider_master,NO,YES,EXTRA_IN_SQL
notification_app_user,eqms_nc_email_provider_master_history,NO,YES,EXTRA_IN_SQL
notification_app_user,eqms_nc_notification_header,NO,YES,EXTRA_IN_SQL
notification_app_user,eqms_nc_notification_transactions,NO,YES,EXTRA_IN_SQL
notification_app_user,eqms_nc_notifications,NO,YES,EXTRA_IN_SQL
notification_app_user,eqms_nc_provider_channel_master,NO,YES,EXTRA_IN_SQL
notification_app_user,eqms_nc_provider_header,NO,YES,EXTRA_IN_SQL
notification_app_user,eqms_nc_provider_header_history,NO,YES,EXTRA_IN_SQL
notification_app_user,eqms_nc_provider_type_master,NO,YES,EXTRA_IN_SQL
notification_app_user,eqms_nc_retry_config,NO,YES,EXTRA_IN_SQL
notification_app_user,eqms_nc_retry_log,NO,YES,EXTRA_IN_SQL
notification_app_user,eqms_nc_schedule,NO,YES,EXTRA_IN_SQL
notification_app_user,eqms_nc_schedule_email_recipient,NO,YES,EXTRA_IN_SQL
notification_app_user,eqms_nc_schedule_email_recipient_history,NO,YES,EXTRA_IN_SQL
notification_app_user,eqms_nc_schedule_history,NO,YES,EXTRA_IN_SQL
notification_app_user,eqms_nc_schedule_variable_config,NO,YES,EXTRA_IN_SQL
notification_app_user,eqms_nc_schedule_variable_config_history,NO,YES,EXTRA_IN_SQL
notification_app_user,eqms_nc_sqs_message_api_key,NO,YES,EXTRA_IN_SQL
notification_app_user,eqms_nc_sqs_message_api_key_history,NO,YES,EXTRA_IN_SQL
notification_app_user,eqms_nc_sqs_message_log,NO,YES,EXTRA_IN_SQL
notification_app_user,eqms_nc_sqs_message_log_history,NO,YES,EXTRA_IN_SQL
notification_app_user,eqms_nc_template_header,NO,YES,EXTRA_IN_SQL
notification_app_user,eqms_nc_template_header_history,NO,YES,EXTRA_IN_SQL
notification_app_user,eqms_nc_template_identifiers,NO,YES,EXTRA_IN_SQL
notification_app_user,eqms_nc_template_identifiers_history,NO,YES,EXTRA_IN_SQL
notification_app_user,eqms_nc_template_variables,NO,YES,EXTRA_IN_SQL
notification_app_user,eqms_nc_template_variables_history,NO,YES,EXTRA_IN_SQL
organization_app_user,eqms_activity_lk,NO,YES,EXTRA_IN_SQL
organization_app_user,eqms_assembly_type_lk,NO,YES,EXTRA_IN_SQL
organization_app_user,eqms_bom_publish_status_lk,NO,YES,EXTRA_IN_SQL
organization_app_user,eqms_bom_type_lk,NO,YES,EXTRA_IN_SQL
organization_app_user,eqms_component_record,NO,YES,EXTRA_IN_SQL
organization_app_user,eqms_component_record_history,NO,YES,EXTRA_IN_SQL
organization_app_user,eqms_compressed_files,NO,YES,EXTRA_IN_SQL
organization_app_user,eqms_compressed_files_history,NO,YES,EXTRA_IN_SQL
organization_app_user,eqms_context_types,NO,YES,EXTRA_IN_SQL
organization_app_user,eqms_context_types_history,NO,YES,EXTRA_IN_SQL
organization_app_user,eqms_customer_feedback,NO,YES,EXTRA_IN_SQL
organization_app_user,eqms_delivery_dispatch,NO,YES,EXTRA_IN_SQL
organization_app_user,eqms_designation_lk,NO,YES,EXTRA_IN_SQL
organization_app_user,eqms_document,NO,YES,EXTRA_IN_SQL
organization_app_user,eqms_document_history,NO,YES,EXTRA_IN_SQL
organization_app_user,eqms_document_template,NO,YES,EXTRA_IN_SQL
organization_app_user,eqms_document_template_form_mapping,NO,YES,EXTRA_IN_SQL
organization_app_user,eqms_document_template_form_mapping_history,NO,YES,EXTRA_IN_SQL
organization_app_user,eqms_document_template_history,NO,YES,EXTRA_IN_SQL
organization_app_user,eqms_document_template_type_lk,NO,YES,EXTRA_IN_SQL
organization_app_user,eqms_document_template_variable,NO,YES,EXTRA_IN_SQL
organization_app_user,eqms_entity_nomenclature_mappings,NO,YES,EXTRA_IN_SQL
organization_app_user,eqms_entity_subscription,NO,YES,EXTRA_IN_SQL
organization_app_user,eqms_entity_subscription_history,NO,YES,EXTRA_IN_SQL
organization_app_user,eqms_entity_template,NO,YES,EXTRA_IN_SQL
organization_app_user,eqms_file,NO,YES,EXTRA_IN_SQL
organization_app_user,eqms_file_history,NO,YES,EXTRA_IN_SQL
organization_app_user,eqms_file_type_lk,NO,YES,EXTRA_IN_SQL
organization_app_user,eqms_form,NO,YES,EXTRA_IN_SQL
organization_app_user,eqms_form_draft_supporting_files,NO,YES,EXTRA_IN_SQL
organization_app_user,eqms_form_drafts,NO,YES,EXTRA_IN_SQL
organization_app_user,eqms_form_menu_mapping,NO,YES,EXTRA_IN_SQL
organization_app_user,eqms_form_type_lk,NO,YES,EXTRA_IN_SQL
organization_app_user,eqms_gender_lk,NO,YES,EXTRA_IN_SQL
organization_app_user,eqms_goods_inward,NO,YES,EXTRA_IN_SQL
organization_app_user,eqms_hr_candidate_evalution,NO,YES,EXTRA_IN_SQL
organization_app_user,eqms_hr_employee_training_evaluation,NO,YES,EXTRA_IN_SQL
organization_app_user,eqms_hr_resource_requisition,NO,YES,EXTRA_IN_SQL
organization_app_user,eqms_hr_role_definition,NO,YES,EXTRA_IN_SQL
organization_app_user,eqms_hr_training_evaluation,NO,YES,EXTRA_IN_SQL
organization_app_user,eqms_image,NO,YES,EXTRA_IN_SQL
organization_app_user,eqms_image_history,NO,YES,EXTRA_IN_SQL
organization_app_user,eqms_incoming_inspection_results,NO,YES,EXTRA_IN_SQL
organization_app_user,eqms_infrastructure_category_lk,NO,YES,EXTRA_IN_SQL
organization_app_user,eqms_infrastructure_installation_report,NO,YES,EXTRA_IN_SQL
organization_app_user,eqms_infrastructure_qualification,NO,YES,EXTRA_IN_SQL
organization_app_user,eqms_infrastructure_request,NO,YES,EXTRA_IN_SQL
organization_app_user,eqms_infrastructure_type_lk,NO,YES,EXTRA_IN_SQL
organization_app_user,eqms_languages,NO,YES,EXTRA_IN_SQL
organization_app_user,eqms_login_result_lk,NO,YES,EXTRA_IN_SQL
organization_app_user,eqms_maintenance_plan,NO,YES,EXTRA_IN_SQL
organization_app_user,eqms_maintenance_report,NO,YES,EXTRA_IN_SQL
organization_app_user,eqms_menu_activity_access,NO,YES,EXTRA_IN_SQL
organization_app_user,eqms_menu_instance,NO,YES,EXTRA_IN_SQL
organization_app_user,eqms_menu_instance_history,NO,YES,EXTRA_IN_SQL
organization_app_user,eqms_menu_lk,NO,YES,EXTRA_IN_SQL
organization_app_user,eqms_menu_object,NO,YES,EXTRA_IN_SQL
organization_app_user,eqms_menu_object_history,NO,YES,EXTRA_IN_SQL
organization_app_user,eqms_menu_type_lk,NO,YES,EXTRA_IN_SQL
organization_app_user,eqms_module,NO,YES,EXTRA_IN_SQL
organization_app_user,eqms_month_lk,NO,YES,EXTRA_IN_SQL
organization_app_user,eqms_nomenclature,NO,YES,EXTRA_IN_SQL
organization_app_user,eqms_nomenclature_category,NO,YES,EXTRA_IN_SQL
organization_app_user,eqms_nomenclature_delimiter,NO,YES,EXTRA_IN_SQL
organization_app_user,eqms_nomenclature_history,NO,YES,EXTRA_IN_SQL
organization_app_user,eqms_nomenclature_join_type,NO,YES,EXTRA_IN_SQL
organization_app_user,eqms_nomenclature_mapping_conditions,NO,YES,EXTRA_IN_SQL
organization_app_user,eqms_nomenclature_mapping_joins,NO,YES,EXTRA_IN_SQL
organization_app_user,eqms_nomenclature_name_parts,NO,YES,EXTRA_IN_SQL
organization_app_user,eqms_nomenclature_object_type_metadata_mapper,NO,YES,EXTRA_IN_SQL
organization_app_user,eqms_nomenclature_object_type_metadata_mapper_history,NO,YES,EXTRA_IN_SQL
organization_app_user,eqms_nomenclature_part_date_formats,NO,YES,EXTRA_IN_SQL
organization_app_user,eqms_nomenclature_part_type,NO,YES,EXTRA_IN_SQL
organization_app_user,eqms_nomenclature_part_variable,NO,YES,EXTRA_IN_SQL
organization_app_user,eqms_nomenclature_part_variable_history,NO,YES,EXTRA_IN_SQL
organization_app_user,eqms_nomenclature_sequence_counters,NO,YES,EXTRA_IN_SQL
organization_app_user,eqms_nomenclature_sequence_counters_history,NO,YES,EXTRA_IN_SQL
organization_app_user,eqms_nomenclature_sequence_defs,NO,YES,EXTRA_IN_SQL
organization_app_user,eqms_nomenclature_variable_metadata_mapper,NO,YES,EXTRA_IN_SQL
organization_app_user,eqms_nomenclature_variable_metadata_mapper_history,NO,YES,EXTRA_IN_SQL
organization_app_user,eqms_object,NO,YES,EXTRA_IN_SQL
organization_app_user,eqms_object_context,NO,YES,EXTRA_IN_SQL
organization_app_user,eqms_object_context_history,NO,YES,EXTRA_IN_SQL
organization_app_user,eqms_object_history,NO,YES,EXTRA_IN_SQL
organization_app_user,eqms_object_nomenclature,NO,YES,EXTRA_IN_SQL
organization_app_user,eqms_object_nomenclature_history,NO,YES,EXTRA_IN_SQL
organization_app_user,eqms_object_nomenclature_part,NO,YES,EXTRA_IN_SQL
organization_app_user,eqms_object_nomenclature_part_history,NO,YES,EXTRA_IN_SQL
organization_app_user,eqms_object_policy_mapper,NO,YES,EXTRA_IN_SQL
organization_app_user,eqms_object_policy_mapper_history,NO,YES,EXTRA_IN_SQL
organization_app_user,eqms_object_project_instance,NO,YES,EXTRA_IN_SQL
organization_app_user,eqms_object_project_instance_history,NO,YES,EXTRA_IN_SQL
organization_app_user,eqms_order_acknowledgement,NO,YES,EXTRA_IN_SQL
organization_app_user,eqms_organization,NO,YES,EXTRA_IN_SQL
organization_app_user,eqms_organization_department,NO,YES,EXTRA_IN_SQL
organization_app_user,eqms_organization_department_history,NO,YES,EXTRA_IN_SQL
organization_app_user,eqms_organization_employee,NO,YES,EXTRA_IN_SQL
organization_app_user,eqms_organization_employee_history,NO,YES,EXTRA_IN_SQL
organization_app_user,eqms_organization_history,NO,YES,EXTRA_IN_SQL
organization_app_user,eqms_organization_product,NO,YES,EXTRA_IN_SQL
organization_app_user,eqms_organization_product_history,NO,YES,EXTRA_IN_SQL
organization_app_user,eqms_organization_role_lk,NO,YES,EXTRA_IN_SQL
organization_app_user,eqms_organization_site,NO,YES,EXTRA_IN_SQL
organization_app_user,eqms_organization_site_history,NO,YES,EXTRA_IN_SQL
organization_app_user,eqms_part_component_type_lk,NO,YES,EXTRA_IN_SQL
organization_app_user,eqms_part_quantity_type_lk,NO,YES,EXTRA_IN_SQL
organization_app_user,eqms_part_type_lk,NO,YES,EXTRA_IN_SQL
organization_app_user,eqms_pnd_requirement,NO,YES,EXTRA_IN_SQL
organization_app_user,eqms_pnd_requirement_history,NO,YES,EXTRA_IN_SQL
organization_app_user,eqms_pnd_supporting_documents,NO,YES,EXTRA_IN_SQL
organization_app_user,eqms_pnd_supporting_documents_history,NO,YES,EXTRA_IN_SQL
organization_app_user,eqms_policy,NO,YES,EXTRA_IN_SQL
organization_app_user,eqms_policy_actions,NO,YES,EXTRA_IN_SQL
organization_app_user,eqms_policy_attributes,NO,YES,EXTRA_IN_SQL
organization_app_user,eqms_product_category_lk,NO,YES,EXTRA_IN_SQL
organization_app_user,eqms_product_group_lk,NO,YES,EXTRA_IN_SQL
organization_app_user,eqms_product_group_lk_history,NO,YES,EXTRA_IN_SQL
organization_app_user,eqms_product_need_document,NO,YES,EXTRA_IN_SQL
organization_app_user,eqms_product_need_document_history,NO,YES,EXTRA_IN_SQL
organization_app_user,eqms_product_subtype_lk,NO,YES,EXTRA_IN_SQL
organization_app_user,eqms_product_type_lk,NO,YES,EXTRA_IN_SQL
organization_app_user,eqms_product_variants,NO,YES,EXTRA_IN_SQL
organization_app_user,eqms_product_variants_history,NO,YES,EXTRA_IN_SQL
organization_app_user,eqms_project,NO,YES,EXTRA_IN_SQL
organization_app_user,eqms_project_instance_header,NO,YES,EXTRA_IN_SQL
organization_app_user,eqms_project_instance_header_history,NO,YES,EXTRA_IN_SQL
organization_app_user,eqms_project_type,NO,YES,EXTRA_IN_SQL
organization_app_user,eqms_project_type_history,NO,YES,EXTRA_IN_SQL
organization_app_user,eqms_purchase_order,NO,YES,EXTRA_IN_SQL
organization_app_user,eqms_purchase_order_part_detail,NO,YES,EXTRA_IN_SQL
organization_app_user,eqms_quotation,NO,YES,EXTRA_IN_SQL
organization_app_user,eqms_record,NO,YES,EXTRA_IN_SQL
organization_app_user,eqms_record_history,NO,YES,EXTRA_IN_SQL
organization_app_user,eqms_record_verification,NO,YES,EXTRA_IN_SQL
organization_app_user,eqms_reg_country_lk,NO,YES,EXTRA_IN_SQL
organization_app_user,eqms_responsibility_lk,NO,YES,EXTRA_IN_SQL
organization_app_user,eqms_role_menu_activity_access,NO,YES,EXTRA_IN_SQL
organization_app_user,eqms_roles_lk,NO,YES,EXTRA_IN_SQL
organization_app_user,eqms_schedule_status_lk,NO,YES,EXTRA_IN_SQL
organization_app_user,eqms_selection_lk,NO,YES,EXTRA_IN_SQL
organization_app_user,eqms_service_group_lk,NO,YES,EXTRA_IN_SQL
organization_app_user,eqms_status_lk,NO,YES,EXTRA_IN_SQL
organization_app_user,eqms_tags,NO,YES,EXTRA_IN_SQL
organization_app_user,eqms_tags_history,NO,YES,EXTRA_IN_SQL
organization_app_user,eqms_theme,NO,YES,EXTRA_IN_SQL
organization_app_user,eqms_timezones,NO,YES,EXTRA_IN_SQL
organization_app_user,eqms_tool_category_lk,NO,YES,EXTRA_IN_SQL
organization_app_user,eqms_tool_item,NO,YES,EXTRA_IN_SQL
organization_app_user,eqms_tool_item_history,NO,YES,EXTRA_IN_SQL
organization_app_user,eqms_tools,NO,YES,EXTRA_IN_SQL
organization_app_user,eqms_tools_history,NO,YES,EXTRA_IN_SQL
organization_app_user,eqms_unit_lk,NO,YES,EXTRA_IN_SQL
organization_app_user,eqms_unit_lk_history,NO,YES,EXTRA_IN_SQL
organization_app_user,eqms_user_attributes,NO,YES,EXTRA_IN_SQL
organization_app_user,eqms_user_attributes_history,NO,YES,EXTRA_IN_SQL
organization_app_user,eqms_user_authentication_refresh_token,NO,YES,EXTRA_IN_SQL
organization_app_user,eqms_user_contact,NO,YES,EXTRA_IN_SQL
organization_app_user,eqms_user_contact_history,NO,YES,EXTRA_IN_SQL
organization_app_user,eqms_user_language,NO,YES,EXTRA_IN_SQL
organization_app_user,eqms_user_language_history,NO,YES,EXTRA_IN_SQL
organization_app_user,eqms_user_login_tracking,NO,YES,EXTRA_IN_SQL
organization_app_user,eqms_user_login_tracking_history,NO,YES,EXTRA_IN_SQL
organization_app_user,eqms_user_pin,NO,YES,EXTRA_IN_SQL
organization_app_user,eqms_user_pin_history,NO,YES,EXTRA_IN_SQL
organization_app_user,eqms_user_preference,NO,YES,EXTRA_IN_SQL
organization_app_user,eqms_user_preference_history,NO,YES,EXTRA_IN_SQL
organization_app_user,eqms_user_profile,NO,YES,EXTRA_IN_SQL
organization_app_user,eqms_user_profile_history,NO,YES,EXTRA_IN_SQL
organization_app_user,eqms_user_responsibility,NO,YES,EXTRA_IN_SQL
organization_app_user,eqms_user_responsibility_history,NO,YES,EXTRA_IN_SQL
organization_app_user,eqms_user_roles,NO,YES,EXTRA_IN_SQL
organization_app_user,eqms_user_roles_history,NO,YES,EXTRA_IN_SQL
organization_app_user,eqms_user_service_group,NO,YES,EXTRA_IN_SQL
organization_app_user,eqms_user_service_group_history,NO,YES,EXTRA_IN_SQL
organization_app_user,eqms_user_status_lk,NO,YES,EXTRA_IN_SQL
organization_app_user,eqms_user_timezone,NO,YES,EXTRA_IN_SQL
organization_app_user,eqms_user_timezone_history,NO,YES,EXTRA_IN_SQL
organization_app_user,eqms_user_verification,NO,YES,EXTRA_IN_SQL
organization_app_user,eqms_user_verification_history,NO,YES,EXTRA_IN_SQL
organization_app_user,eqms_users,NO,YES,EXTRA_IN_SQL
organization_app_user,eqms_users_history,NO,YES,EXTRA_IN_SQL
organization_app_user,eqms_value_acceptability_lk,NO,YES,EXTRA_IN_SQL
organization_app_user,eqms_vendor_agreement_checklist,NO,YES,EXTRA_IN_SQL
organization_app_user,eqms_vendors,NO,YES,EXTRA_IN_SQL
organization_app_user,eqms_workflow_task_status,NO,YES,EXTRA_IN_SQL
organization_app_user,eqms_year_lk,NO,YES,EXTRA_IN_SQL
pms_app_user,eqms_commenter_type_lk,NO,YES,EXTRA_IN_SQL
pms_app_user,eqms_comments_type_lk,NO,YES,EXTRA_IN_SQL
pms_app_user,eqms_design_review_attended_members,NO,YES,EXTRA_IN_SQL
pms_app_user,eqms_entity_subscription,NO,YES,EXTRA_IN_SQL
pms_app_user,eqms_execution_stage,NO,YES,EXTRA_IN_SQL
pms_app_user,eqms_execution_stage_design_review_report,NO,YES,EXTRA_IN_SQL
pms_app_user,eqms_execution_stage_verification_plan,NO,YES,EXTRA_IN_SQL
pms_app_user,eqms_execution_stage_verification_plan_dir,NO,YES,EXTRA_IN_SQL
pms_app_user,eqms_form,NO,YES,EXTRA_IN_SQL
pms_app_user,eqms_form_required_role_type_lk,NO,YES,EXTRA_IN_SQL
pms_app_user,eqms_form_task_group_mapping,NO,YES,EXTRA_IN_SQL
pms_app_user,eqms_form_task_group_mapping_history,NO,YES,EXTRA_IN_SQL
pms_app_user,eqms_form_type_task_group_mapping,NO,YES,EXTRA_IN_SQL
pms_app_user,eqms_form_type_task_group_mapping_history,NO,YES,EXTRA_IN_SQL
pms_app_user,eqms_module,NO,YES,EXTRA_IN_SQL
pms_app_user,eqms_object,NO,YES,EXTRA_IN_SQL
pms_app_user,eqms_object_context,NO,YES,EXTRA_IN_SQL
pms_app_user,eqms_object_project_instance,NO,YES,EXTRA_IN_SQL
pms_app_user,eqms_object_project_instance_history,NO,YES,EXTRA_IN_SQL
pms_app_user,eqms_organization,NO,YES,EXTRA_IN_SQL
pms_app_user,eqms_organization_department,NO,YES,EXTRA_IN_SQL
pms_app_user,eqms_organization_employee,NO,YES,EXTRA_IN_SQL
pms_app_user,eqms_organization_history,NO,YES,EXTRA_IN_SQL
pms_app_user,eqms_pnd_review_report,NO,YES,EXTRA_IN_SQL
pms_app_user,eqms_pnd_review_required_approval_details,NO,YES,EXTRA_IN_SQL
pms_app_user,eqms_product_need_document,NO,YES,EXTRA_IN_SQL
pms_app_user,eqms_project,NO,YES,EXTRA_IN_SQL
pms_app_user,eqms_project_build_stage_order,NO,YES,EXTRA_IN_SQL
pms_app_user,eqms_project_build_stages,NO,YES,EXTRA_IN_SQL
pms_app_user,eqms_project_instance,NO,YES,EXTRA_IN_SQL
pms_app_user,eqms_project_instance_header,NO,YES,EXTRA_IN_SQL
pms_app_user,eqms_project_instance_header_history,NO,YES,EXTRA_IN_SQL
pms_app_user,eqms_project_instance_history,NO,YES,EXTRA_IN_SQL
pms_app_user,eqms_project_member_roles,NO,YES,EXTRA_IN_SQL
pms_app_user,eqms_project_member_roles_history,NO,YES,EXTRA_IN_SQL
pms_app_user,eqms_project_members,NO,YES,EXTRA_IN_SQL
pms_app_user,eqms_project_members_history,NO,YES,EXTRA_IN_SQL
pms_app_user,eqms_project_task_dependencies,NO,YES,EXTRA_IN_SQL
pms_app_user,eqms_project_task_dependencies_history,NO,YES,EXTRA_IN_SQL
pms_app_user,eqms_project_task_group_tasks,NO,YES,EXTRA_IN_SQL
pms_app_user,eqms_project_task_group_tasks_history,NO,YES,EXTRA_IN_SQL
pms_app_user,eqms_project_task_groups,NO,YES,EXTRA_IN_SQL
pms_app_user,eqms_project_task_groups_history,NO,YES,EXTRA_IN_SQL
pms_app_user,eqms_project_tasks,NO,YES,EXTRA_IN_SQL
pms_app_user,eqms_project_tasks_department_mapper,NO,YES,EXTRA_IN_SQL
pms_app_user,eqms_project_tasks_department_mapper_history,NO,YES,EXTRA_IN_SQL
pms_app_user,eqms_project_tasks_history,NO,YES,EXTRA_IN_SQL
pms_app_user,eqms_project_tasks_level,NO,YES,EXTRA_IN_SQL
pms_app_user,eqms_project_tasks_level_history,NO,YES,EXTRA_IN_SQL
pms_app_user,eqms_project_tasks_role_mapper,NO,YES,EXTRA_IN_SQL
pms_app_user,eqms_project_tasks_role_mapper_history,NO,YES,EXTRA_IN_SQL
pms_app_user,eqms_project_tasks_url,NO,YES,EXTRA_IN_SQL
pms_app_user,eqms_project_tasks_url_history,NO,YES,EXTRA_IN_SQL
pms_app_user,eqms_project_type,NO,YES,EXTRA_IN_SQL
pms_app_user,eqms_project_type_entity_subscription_mapper,NO,YES,EXTRA_IN_SQL
pms_app_user,eqms_project_type_entity_subscription_mapper_history,NO,YES,EXTRA_IN_SQL
pms_app_user,eqms_project_type_history,NO,YES,EXTRA_IN_SQL
pms_app_user,eqms_project_type_task_dependencies,NO,YES,EXTRA_IN_SQL
pms_app_user,eqms_project_type_task_dependencies_history,NO,YES,EXTRA_IN_SQL
pms_app_user,eqms_project_type_task_group,NO,YES,EXTRA_IN_SQL
pms_app_user,eqms_project_type_task_group_history,NO,YES,EXTRA_IN_SQL
pms_app_user,eqms_project_type_task_group_tasks,NO,YES,EXTRA_IN_SQL
pms_app_user,eqms_project_type_task_group_tasks_history,NO,YES,EXTRA_IN_SQL
pms_app_user,eqms_project_type_tasks,NO,YES,EXTRA_IN_SQL
pms_app_user,eqms_project_type_tasks_department_mapper,NO,YES,EXTRA_IN_SQL
pms_app_user,eqms_project_type_tasks_department_mapper_history,NO,YES,EXTRA_IN_SQL
pms_app_user,eqms_project_type_tasks_history,NO,YES,EXTRA_IN_SQL
pms_app_user,eqms_project_type_tasks_level,NO,YES,EXTRA_IN_SQL
pms_app_user,eqms_project_type_tasks_level_history,NO,YES,EXTRA_IN_SQL
pms_app_user,eqms_project_type_tasks_role_mapper,NO,YES,EXTRA_IN_SQL
pms_app_user,eqms_project_type_tasks_url,NO,YES,EXTRA_IN_SQL
pms_app_user,eqms_project_workflow_journal,NO,YES,EXTRA_IN_SQL
pms_app_user,eqms_project_workflow_journal_history,NO,YES,EXTRA_IN_SQL
pms_app_user,eqms_project_workflow_journey,NO,YES,EXTRA_IN_SQL
pms_app_user,eqms_project_workflow_journey_history,NO,YES,EXTRA_IN_SQL
pms_app_user,eqms_project_workflow_journey_role_mapper,NO,YES,EXTRA_IN_SQL
pms_app_user,eqms_project_workflow_journey_role_mapper_history,NO,YES,EXTRA_IN_SQL
pms_app_user,eqms_roles_lk,NO,YES,EXTRA_IN_SQL
pms_app_user,eqms_status_lk,NO,YES,EXTRA_IN_SQL
pms_app_user,eqms_target_audience_type_lk_history,NO,YES,EXTRA_IN_SQL
pms_app_user,eqms_task_comments,NO,YES,EXTRA_IN_SQL
pms_app_user,eqms_task_comments_history,NO,YES,EXTRA_IN_SQL
pms_app_user,eqms_task_generator,NO,YES,EXTRA_IN_SQL
pms_app_user,eqms_task_generator_parameters,NO,YES,EXTRA_IN_SQL
pms_app_user,eqms_task_generator_query,NO,YES,EXTRA_IN_SQL
pms_app_user,eqms_task_generator_query_conditions,NO,YES,EXTRA_IN_SQL
pms_app_user,eqms_task_generator_query_joins,NO,YES,EXTRA_IN_SQL
pms_app_user,eqms_task_generator_query_selects,NO,YES,EXTRA_IN_SQL
pms_app_user,eqms_task_rule_action,NO,YES,EXTRA_IN_SQL
pms_app_user,eqms_task_rule_task_creation,NO,YES,EXTRA_IN_SQL
pms_app_user,eqms_transition_owner_type_lk,NO,YES,EXTRA_IN_SQL
pms_app_user,eqms_user_contact,NO,YES,EXTRA_IN_SQL
pms_app_user,eqms_user_contact_history,NO,YES,EXTRA_IN_SQL
pms_app_user,eqms_user_roles,NO,YES,EXTRA_IN_SQL
pms_app_user,eqms_user_roles_history,NO,YES,EXTRA_IN_SQL
pms_app_user,eqms_user_status_lk,NO,YES,EXTRA_IN_SQL
pms_app_user,eqms_users,NO,YES,EXTRA_IN_SQL
pms_app_user,eqms_users_history,NO,YES,EXTRA_IN_SQL
pms_app_user,eqms_workflow,NO,YES,EXTRA_IN_SQL
pms_app_user,eqms_workflow_history,NO,YES,EXTRA_IN_SQL
pms_app_user,eqms_workflow_status_lk,NO,YES,EXTRA_IN_SQL
pms_app_user,eqms_workflow_status_transition,NO,YES,EXTRA_IN_SQL
pms_app_user,eqms_workflow_status_transition_history,NO,YES,EXTRA_IN_SQL
pms_app_user,eqms_workflow_status_transition_role_mapper,NO,YES,EXTRA_IN_SQL
pms_app_user,eqms_workflow_status_transition_role_mapper_history,NO,YES,EXTRA_IN_SQL
pms_app_user,eqms_workflow_status_transition_template,NO,YES,EXTRA_IN_SQL
pms_app_user,eqms_workflow_status_transition_template_history,NO,YES,EXTRA_IN_SQL
pms_app_user,eqms_workflow_status_transition_template_role_mapper,NO,YES,EXTRA_IN_SQL
pms_app_user,eqms_workflow_status_transition_template_role_mapper_history,NO,YES,EXTRA_IN_SQL
pms_app_user,eqms_workflow_task_status,NO,YES,EXTRA_IN_SQL
pms_app_user,eqms_workflow_template,NO,YES,EXTRA_IN_SQL
pms_app_user,eqms_workflow_template_history,NO,YES,EXTRA_IN_SQL
production_app_user,eqms_bom_assembly_part_details,NO,YES,EXTRA_IN_SQL
production_app_user,eqms_bom_assembly_parts,NO,YES,EXTRA_IN_SQL
production_app_user,eqms_bom_master,NO,YES,EXTRA_IN_SQL
production_app_user,eqms_bom_type_lk,NO,YES,EXTRA_IN_SQL
production_app_user,eqms_bom_variant_master,NO,YES,EXTRA_IN_SQL
production_app_user,eqms_context_types,NO,YES,EXTRA_IN_SQL
production_app_user,eqms_drawing_type_lk,NO,YES,EXTRA_IN_SQL
production_app_user,eqms_equipment_lk,NO,YES,EXTRA_IN_SQL
production_app_user,eqms_file,NO,YES,EXTRA_IN_SQL
production_app_user,eqms_form,NO,YES,EXTRA_IN_SQL
production_app_user,eqms_form_draft_supporting_files,NO,YES,EXTRA_IN_SQL
production_app_user,eqms_form_drafts,NO,YES,EXTRA_IN_SQL
production_app_user,eqms_form_menu_mapping,NO,YES,EXTRA_IN_SQL
production_app_user,eqms_jig_item,NO,YES,EXTRA_IN_SQL
production_app_user,eqms_jig_item_history,NO,YES,EXTRA_IN_SQL
production_app_user,eqms_jig_lk,NO,YES,EXTRA_IN_SQL
production_app_user,eqms_non_conformed_location_lk,NO,YES,EXTRA_IN_SQL
production_app_user,eqms_organization_employee,NO,YES,EXTRA_IN_SQL
production_app_user,eqms_organization_product,NO,YES,EXTRA_IN_SQL
production_app_user,eqms_part_category,NO,YES,EXTRA_IN_SQL
production_app_user,eqms_part_category_subclass_lk,NO,YES,EXTRA_IN_SQL
production_app_user,eqms_part_category_type_lk,NO,YES,EXTRA_IN_SQL
production_app_user,eqms_part_component_type_lk,NO,YES,EXTRA_IN_SQL
production_app_user,eqms_part_drawing_supporting_files,NO,YES,EXTRA_IN_SQL
production_app_user,eqms_part_lk,NO,YES,EXTRA_IN_SQL
production_app_user,eqms_part_quantity_type_lk,NO,YES,EXTRA_IN_SQL
production_app_user,eqms_part_subcategory_type_lk,NO,YES,EXTRA_IN_SQL
production_app_user,eqms_part_type_lk,NO,YES,EXTRA_IN_SQL
production_app_user,eqms_pre_prod_assembly_work_instruc_supp_files,NO,YES,EXTRA_IN_SQL
production_app_user,eqms_pre_prod_assembly_work_instruc_supp_files_history,NO,YES,EXTRA_IN_SQL
production_app_user,eqms_pre_prod_assembly_work_instruction,NO,YES,EXTRA_IN_SQL
production_app_user,eqms_pre_prod_assembly_work_instruction_equipment,NO,YES,EXTRA_IN_SQL
production_app_user,eqms_pre_prod_assembly_work_instruction_equipment_history,NO,YES,EXTRA_IN_SQL
production_app_user,eqms_pre_prod_assembly_work_instruction_history,NO,YES,EXTRA_IN_SQL
production_app_user,eqms_pre_prod_assembly_work_instruction_jig,NO,YES,EXTRA_IN_SQL
production_app_user,eqms_pre_prod_assembly_work_instruction_jig_history,NO,YES,EXTRA_IN_SQL
production_app_user,eqms_pre_prod_assembly_work_instruction_skill,NO,YES,EXTRA_IN_SQL
production_app_user,eqms_pre_prod_assembly_work_instruction_skill_history,NO,YES,EXTRA_IN_SQL
production_app_user,eqms_pre_prod_assembly_work_instruction_step,NO,YES,EXTRA_IN_SQL
production_app_user,eqms_pre_prod_assembly_work_instruction_step_history,NO,YES,EXTRA_IN_SQL
production_app_user,eqms_pre_prod_assembly_work_instruction_tool_type,NO,YES,EXTRA_IN_SQL
production_app_user,eqms_pre_prod_assembly_work_instruction_tool_type_history,NO,YES,EXTRA_IN_SQL
production_app_user,eqms_pre_prod_bom_applicable_settings,NO,YES,EXTRA_IN_SQL
production_app_user,eqms_pre_prod_bom_applicable_settings_history,NO,YES,EXTRA_IN_SQL
production_app_user,eqms_pre_prod_bom_assembly_part_item_details,NO,YES,EXTRA_IN_SQL
production_app_user,eqms_pre_prod_bom_assembly_part_item_details_history,NO,YES,EXTRA_IN_SQL
production_app_user,eqms_pre_prod_bom_assembly_part_item_details_supp_files,NO,YES,EXTRA_IN_SQL
production_app_user,eqms_pre_prod_bom_assembly_part_item_details_supp_files_history,NO,YES,EXTRA_IN_SQL
production_app_user,eqms_pre_prod_bom_feature_settings_lk,NO,YES,EXTRA_IN_SQL
production_app_user,eqms_pre_prod_bom_supplier_details,NO,YES,EXTRA_IN_SQL
production_app_user,eqms_pre_prod_bom_supplier_details_history,NO,YES,EXTRA_IN_SQL
production_app_user,eqms_pre_prod_case_settings_type_lk,NO,YES,EXTRA_IN_SQL
production_app_user,eqms_pre_prod_electrical_drawing,NO,YES,EXTRA_IN_SQL
production_app_user,eqms_pre_prod_electrical_drawing_history,NO,YES,EXTRA_IN_SQL
production_app_user,eqms_pre_prod_electrical_drawing_supp_file,NO,YES,EXTRA_IN_SQL
production_app_user,eqms_pre_prod_electrical_drawing_supp_file_history,NO,YES,EXTRA_IN_SQL
production_app_user,eqms_pre_prod_feature_model_mapper,NO,YES,EXTRA_IN_SQL
production_app_user,eqms_pre_prod_feature_model_mapper_history,NO,YES,EXTRA_IN_SQL
production_app_user,eqms_pre_prod_final_oqc_insp_prot_equipment,NO,YES,EXTRA_IN_SQL
production_app_user,eqms_pre_prod_final_oqc_insp_prot_equipment_history,NO,YES,EXTRA_IN_SQL
production_app_user,eqms_pre_prod_final_oqc_insp_prot_jig,NO,YES,EXTRA_IN_SQL
production_app_user,eqms_pre_prod_final_oqc_insp_prot_jig_history,NO,YES,EXTRA_IN_SQL
production_app_user,eqms_pre_prod_final_oqc_insp_prot_model_mapper,NO,YES,EXTRA_IN_SQL
production_app_user,eqms_pre_prod_final_oqc_insp_prot_model_mapper_history,NO,YES,EXTRA_IN_SQL
production_app_user,eqms_pre_prod_final_oqc_insp_prot_tool_type,NO,YES,EXTRA_IN_SQL
production_app_user,eqms_pre_prod_final_oqc_insp_prot_tool_type_history,NO,YES,EXTRA_IN_SQL
production_app_user,eqms_pre_prod_final_oqc_insp_prot_work_inst_step,NO,YES,EXTRA_IN_SQL
production_app_user,eqms_pre_prod_final_oqc_insp_prot_work_inst_step_history,NO,YES,EXTRA_IN_SQL
production_app_user,eqms_pre_prod_final_oqc_pack_prot_equipment,NO,YES,EXTRA_IN_SQL
production_app_user,eqms_pre_prod_final_oqc_pack_prot_equipment_history,NO,YES,EXTRA_IN_SQL
production_app_user,eqms_pre_prod_final_oqc_pack_prot_jig,NO,YES,EXTRA_IN_SQL
production_app_user,eqms_pre_prod_final_oqc_pack_prot_jig_history,NO,YES,EXTRA_IN_SQL
production_app_user,eqms_pre_prod_final_oqc_pack_prot_model_mapper,NO,YES,EXTRA_IN_SQL
production_app_user,eqms_pre_prod_final_oqc_pack_prot_model_mapper_history,NO,YES,EXTRA_IN_SQL
production_app_user,eqms_pre_prod_final_oqc_pack_prot_tool_type,NO,YES,EXTRA_IN_SQL
production_app_user,eqms_pre_prod_final_oqc_pack_prot_tool_type_history,NO,YES,EXTRA_IN_SQL
production_app_user,eqms_pre_prod_final_oqc_pack_prot_work_inst_step,NO,YES,EXTRA_IN_SQL
production_app_user,eqms_pre_prod_final_oqc_pack_prot_work_inst_step_history,NO,YES,EXTRA_IN_SQL
production_app_user,eqms_pre_prod_final_oqc_test_prot_equipment,NO,YES,EXTRA_IN_SQL
production_app_user,eqms_pre_prod_final_oqc_test_prot_equipment_history,NO,YES,EXTRA_IN_SQL
production_app_user,eqms_pre_prod_final_oqc_test_prot_feat_model_map,NO,YES,EXTRA_IN_SQL
production_app_user,eqms_pre_prod_final_oqc_test_prot_feat_model_map_history,NO,YES,EXTRA_IN_SQL
production_app_user,eqms_pre_prod_final_oqc_test_prot_jig,NO,YES,EXTRA_IN_SQL
production_app_user,eqms_pre_prod_final_oqc_test_prot_jig_history,NO,YES,EXTRA_IN_SQL
production_app_user,eqms_pre_prod_final_oqc_test_prot_tool_type,NO,YES,EXTRA_IN_SQL
production_app_user,eqms_pre_prod_final_oqc_test_prot_tool_type_history,NO,YES,EXTRA_IN_SQL
production_app_user,eqms_pre_prod_final_oqc_test_prot_work_inst_step,NO,YES,EXTRA_IN_SQL
production_app_user,eqms_pre_prod_final_oqc_test_prot_work_inst_step_history,NO,YES,EXTRA_IN_SQL
production_app_user,eqms_pre_prod_incoming_insp_spec_supporting_files,NO,YES,EXTRA_IN_SQL
production_app_user,eqms_pre_prod_incoming_insp_spec_supporting_files_history,NO,YES,EXTRA_IN_SQL
production_app_user,eqms_pre_prod_incoming_inspection_applicable_group,NO,YES,EXTRA_IN_SQL
production_app_user,eqms_pre_prod_incoming_inspection_applicable_group_history,NO,YES,EXTRA_IN_SQL
production_app_user,eqms_pre_prod_incoming_inspection_spec_criteria,NO,YES,EXTRA_IN_SQL
production_app_user,eqms_pre_prod_incoming_inspection_spec_criteria_history,NO,YES,EXTRA_IN_SQL
production_app_user,eqms_pre_prod_incoming_inspection_spec_criteria_lk,NO,YES,EXTRA_IN_SQL
production_app_user,eqms_pre_prod_incoming_inspection_spec_criteria_lk_history,NO,YES,EXTRA_IN_SQL
production_app_user,eqms_pre_prod_incoming_inspection_spec_group_lk,NO,YES,EXTRA_IN_SQL
production_app_user,eqms_pre_prod_incoming_inspection_spec_group_lk_history,NO,YES,EXTRA_IN_SQL
production_app_user,eqms_pre_prod_incoming_inspection_specification,NO,YES,EXTRA_IN_SQL
production_app_user,eqms_pre_prod_incoming_inspection_specification_history,NO,YES,EXTRA_IN_SQL
production_app_user,eqms_pre_prod_installation_qualification_group_lk,NO,YES,EXTRA_IN_SQL
production_app_user,eqms_pre_prod_installation_qualification_group_lk_history,NO,YES,EXTRA_IN_SQL
production_app_user,eqms_pre_prod_installation_qualification_metadata,NO,YES,EXTRA_IN_SQL
production_app_user,eqms_pre_prod_installation_qualification_metadata_history,NO,YES,EXTRA_IN_SQL
production_app_user,eqms_pre_prod_installation_qualification_reporter_type_lk,NO,YES,EXTRA_IN_SQL
production_app_user,eqms_pre_prod_inventory_detail,NO,YES,EXTRA_IN_SQL
production_app_user,eqms_pre_prod_inventory_detail_history,NO,YES,EXTRA_IN_SQL
production_app_user,eqms_pre_prod_iqa_exclusion,NO,YES,EXTRA_IN_SQL
production_app_user,eqms_pre_prod_iqa_exclusion_history,NO,YES,EXTRA_IN_SQL
production_app_user,eqms_pre_prod_jig_fixture_acceptance_criteria,NO,YES,EXTRA_IN_SQL
production_app_user,eqms_pre_prod_jig_fixture_acceptance_criteria_history,NO,YES,EXTRA_IN_SQL
production_app_user,eqms_pre_prod_jig_fixture_validation,NO,YES,EXTRA_IN_SQL
production_app_user,eqms_pre_prod_jig_fixture_validation_history,NO,YES,EXTRA_IN_SQL
production_app_user,eqms_pre_prod_jig_validation_report,NO,YES,EXTRA_IN_SQL
production_app_user,eqms_pre_prod_jig_validation_report_history,NO,YES,EXTRA_IN_SQL
production_app_user,eqms_pre_prod_jig_validation_report_supporting_file,NO,YES,EXTRA_IN_SQL
production_app_user,eqms_pre_prod_jig_validation_report_supporting_file_history,NO,YES,EXTRA_IN_SQL
production_app_user,eqms_pre_prod_jig_validation_results,NO,YES,EXTRA_IN_SQL
production_app_user,eqms_pre_prod_jig_validation_results_history,NO,YES,EXTRA_IN_SQL
production_app_user,eqms_pre_prod_packaging_instruction_supporting_file,NO,YES,EXTRA_IN_SQL
production_app_user,eqms_pre_prod_packaging_instruction_supporting_file_history,NO,YES,EXTRA_IN_SQL
production_app_user,eqms_pre_prod_packaging_storage_instruction,NO,YES,EXTRA_IN_SQL
production_app_user,eqms_pre_prod_packaging_storage_instruction_history,NO,YES,EXTRA_IN_SQL
production_app_user,eqms_pre_prod_part_assembly_drawing,NO,YES,EXTRA_IN_SQL
production_app_user,eqms_pre_prod_part_assembly_drawing_history,NO,YES,EXTRA_IN_SQL
production_app_user,eqms_pre_prod_part_assembly_drawing_supp_file,NO,YES,EXTRA_IN_SQL
production_app_user,eqms_pre_prod_part_assembly_drawing_supp_file_history,NO,YES,EXTRA_IN_SQL
production_app_user,eqms_pre_prod_performance_qualification_final_result,NO,YES,EXTRA_IN_SQL
production_app_user,eqms_pre_prod_performance_qualification_final_result_history,NO,YES,EXTRA_IN_SQL
production_app_user,eqms_pre_prod_proc_valid_inst_qual,NO,YES,EXTRA_IN_SQL
production_app_user,eqms_pre_prod_proc_valid_inst_qual_history,NO,YES,EXTRA_IN_SQL
production_app_user,eqms_pre_prod_proc_valid_perf_qual,NO,YES,EXTRA_IN_SQL
production_app_user,eqms_pre_prod_proc_valid_perf_qual_history,NO,YES,EXTRA_IN_SQL
production_app_user,eqms_pre_prod_process_validation,NO,YES,EXTRA_IN_SQL
production_app_user,eqms_pre_prod_process_validation_case_settings,NO,YES,EXTRA_IN_SQL
production_app_user,eqms_pre_prod_process_validation_case_settings_history,NO,YES,EXTRA_IN_SQL
production_app_user,eqms_pre_prod_process_validation_history,NO,YES,EXTRA_IN_SQL
production_app_user,eqms_pre_prod_process_validation_type_lk,NO,YES,EXTRA_IN_SQL
production_app_user,eqms_pre_prod_product_feature,NO,YES,EXTRA_IN_SQL
production_app_user,eqms_pre_prod_product_feature_history,NO,YES,EXTRA_IN_SQL
production_app_user,eqms_pre_prod_product_process_checklist_group_lk,NO,YES,EXTRA_IN_SQL
production_app_user,eqms_pre_prod_product_process_checklist_group_lk_history,NO,YES,EXTRA_IN_SQL
production_app_user,eqms_pre_prod_product_process_checklist_lk,NO,YES,EXTRA_IN_SQL
production_app_user,eqms_pre_prod_product_process_checklist_lk_history,NO,YES,EXTRA_IN_SQL
production_app_user,eqms_pre_prod_product_trace_card_process_checklist,NO,YES,EXTRA_IN_SQL
production_app_user,eqms_pre_prod_product_trace_card_process_checklist_history,NO,YES,EXTRA_IN_SQL
production_app_user,eqms_pre_prod_product_traceability_card,NO,YES,EXTRA_IN_SQL
production_app_user,eqms_pre_prod_product_traceability_card_history,NO,YES,EXTRA_IN_SQL
production_app_user,eqms_pre_prod_serial_batch,NO,YES,EXTRA_IN_SQL
production_app_user,eqms_pre_prod_serial_batch_history,NO,YES,EXTRA_IN_SQL
production_app_user,eqms_pre_prod_set_burn_in,NO,YES,EXTRA_IN_SQL
production_app_user,eqms_pre_prod_set_burn_in_history,NO,YES,EXTRA_IN_SQL
production_app_user,eqms_pre_prod_shelf_life,NO,YES,EXTRA_IN_SQL
production_app_user,eqms_pre_prod_shelf_life_history,NO,YES,EXTRA_IN_SQL
production_app_user,eqms_pre_prod_storage_environment,NO,YES,EXTRA_IN_SQL
production_app_user,eqms_pre_prod_storage_environment_history,NO,YES,EXTRA_IN_SQL
production_app_user,eqms_pre_prod_storage_instruction_supporting_file,NO,YES,EXTRA_IN_SQL
production_app_user,eqms_pre_prod_storage_instruction_supporting_file_history,NO,YES,EXTRA_IN_SQL
production_app_user,eqms_pre_prod_team,NO,YES,EXTRA_IN_SQL
production_app_user,eqms_pre_prod_team_details,NO,YES,EXTRA_IN_SQL
production_app_user,eqms_pre_prod_team_details_history,NO,YES,EXTRA_IN_SQL
production_app_user,eqms_pre_prod_team_history,NO,YES,EXTRA_IN_SQL
production_app_user,eqms_process_validation_iqc,NO,YES,EXTRA_IN_SQL
production_app_user,eqms_process_validation_iqc_details,NO,YES,EXTRA_IN_SQL
production_app_user,eqms_product_subtype_lk,NO,YES,EXTRA_IN_SQL
production_app_user,eqms_product_type_lk,NO,YES,EXTRA_IN_SQL
production_app_user,eqms_product_variants,NO,YES,EXTRA_IN_SQL
production_app_user,eqms_project,NO,YES,EXTRA_IN_SQL
production_app_user,eqms_project_product_variants,NO,YES,EXTRA_IN_SQL
production_app_user,eqms_requirement_lk,NO,YES,EXTRA_IN_SQL
production_app_user,eqms_roles_lk,NO,YES,EXTRA_IN_SQL
production_app_user,eqms_status_lk,NO,YES,EXTRA_IN_SQL
production_app_user,eqms_storage_type_lk,NO,YES,EXTRA_IN_SQL
production_app_user,eqms_tools,NO,YES,EXTRA_IN_SQL
production_app_user,eqms_unit_lk,NO,YES,EXTRA_IN_SQL
production_app_user,eqms_vendor_group_criteria_mapper,NO,YES,EXTRA_IN_SQL
production_app_user,eqms_vendor_group_criteria_mapper_history,NO,YES,EXTRA_IN_SQL
production_app_user,eqms_vendor_part_category_mapper,NO,YES,EXTRA_IN_SQL
production_app_user,eqms_vendor_part_category_other_details,NO,YES,EXTRA_IN_SQL
production_app_user,eqms_vendor_selection_applicable_group,NO,YES,EXTRA_IN_SQL
production_app_user,eqms_vendor_selection_applicable_group_history,NO,YES,EXTRA_IN_SQL
production_app_user,eqms_vendor_selection_criteria,NO,YES,EXTRA_IN_SQL
production_app_user,eqms_vendor_selection_criteria_history,NO,YES,EXTRA_IN_SQL
production_app_user,eqms_vendor_selection_criteria_supporting_files,NO,YES,EXTRA_IN_SQL
production_app_user,eqms_vendor_selection_criteria_supporting_files_history,NO,YES,EXTRA_IN_SQL
production_app_user,eqms_vendor_selection_group_criteria_lk,NO,YES,EXTRA_IN_SQL
production_app_user,eqms_vendor_selection_group_criteria_lk_history,NO,YES,EXTRA_IN_SQL
production_app_user,eqms_vendor_selection_group_lk,NO,YES,EXTRA_IN_SQL
production_app_user,eqms_vendor_selection_group_lk_history,NO,YES,EXTRA_IN_SQL
production_app_user,eqms_vendors,NO,YES,EXTRA_IN_SQL
production_app_user,eqms_verification_result_lk,NO,YES,EXTRA_IN_SQL
quality_control_app_user,eqms_action_planned_lk,NO,YES,EXTRA_IN_SQL
quality_control_app_user,eqms_action_planned_return_details,NO,YES,EXTRA_IN_SQL
quality_control_app_user,eqms_action_planned_return_details_history,NO,YES,EXTRA_IN_SQL
quality_control_app_user,eqms_action_planned_rework_details,NO,YES,EXTRA_IN_SQL
quality_control_app_user,eqms_action_planned_rework_details_history,NO,YES,EXTRA_IN_SQL
quality_control_app_user,eqms_action_planned_scrap_details,NO,YES,EXTRA_IN_SQL
quality_control_app_user,eqms_action_planned_scrap_details_history,NO,YES,EXTRA_IN_SQL
quality_control_app_user,eqms_bom_assembly_part_details,NO,YES,EXTRA_IN_SQL
quality_control_app_user,eqms_bom_assembly_parts,NO,YES,EXTRA_IN_SQL
quality_control_app_user,eqms_context_types,NO,YES,EXTRA_IN_SQL
quality_control_app_user,eqms_document_template,NO,YES,EXTRA_IN_SQL
quality_control_app_user,eqms_document_template_form_mapping,NO,YES,EXTRA_IN_SQL
quality_control_app_user,eqms_document_template_type_lk,NO,YES,EXTRA_IN_SQL
quality_control_app_user,eqms_entity_template,NO,YES,EXTRA_IN_SQL
quality_control_app_user,eqms_equipment_calibration_details,NO,YES,EXTRA_IN_SQL
quality_control_app_user,eqms_equipment_calibration_details_history,NO,YES,EXTRA_IN_SQL
quality_control_app_user,eqms_equipment_item,NO,YES,EXTRA_IN_SQL
quality_control_app_user,eqms_equipment_item_history,NO,YES,EXTRA_IN_SQL
quality_control_app_user,eqms_equipment_lk,NO,YES,EXTRA_IN_SQL
quality_control_app_user,eqms_failure_type_lk,NO,YES,EXTRA_IN_SQL
quality_control_app_user,eqms_form,NO,YES,EXTRA_IN_SQL
quality_control_app_user,eqms_form_draft_supporting_files,NO,YES,EXTRA_IN_SQL
quality_control_app_user,eqms_form_drafts,NO,YES,EXTRA_IN_SQL
quality_control_app_user,eqms_form_history,NO,YES,EXTRA_IN_SQL
quality_control_app_user,eqms_form_menu_mapping,NO,YES,EXTRA_IN_SQL
quality_control_app_user,eqms_goods_inward,NO,YES,EXTRA_IN_SQL
quality_control_app_user,eqms_goods_inward_detail,NO,YES,EXTRA_IN_SQL
quality_control_app_user,eqms_goods_inward_detail_history,NO,YES,EXTRA_IN_SQL
quality_control_app_user,eqms_goods_inward_history,NO,YES,EXTRA_IN_SQL
quality_control_app_user,eqms_hardware_test_procedure_spec,NO,YES,EXTRA_IN_SQL
quality_control_app_user,eqms_hardware_test_procedure_spec_history,NO,YES,EXTRA_IN_SQL
quality_control_app_user,eqms_hr_skill_master,NO,YES,EXTRA_IN_SQL
quality_control_app_user,eqms_incoming_insp_hardware_result_supporting_files,NO,YES,EXTRA_IN_SQL
quality_control_app_user,eqms_incoming_insp_hardware_result_supporting_files_history,NO,YES,EXTRA_IN_SQL
quality_control_app_user,eqms_incoming_insp_software_result_supporting_files,NO,YES,EXTRA_IN_SQL
quality_control_app_user,eqms_incoming_insp_software_result_supporting_files_history,NO,YES,EXTRA_IN_SQL
quality_control_app_user,eqms_incoming_insp_spec_batch_results,NO,YES,EXTRA_IN_SQL
quality_control_app_user,eqms_incoming_insp_spec_batch_results_history,NO,YES,EXTRA_IN_SQL
quality_control_app_user,eqms_incoming_insp_spec_unit_results,NO,YES,EXTRA_IN_SQL
quality_control_app_user,eqms_incoming_insp_spec_unit_results_history,NO,YES,EXTRA_IN_SQL
quality_control_app_user,eqms_incoming_inspection_batch_results,NO,YES,EXTRA_IN_SQL
quality_control_app_user,eqms_incoming_inspection_batch_results_history,NO,YES,EXTRA_IN_SQL
quality_control_app_user,eqms_incoming_inspection_deviation_note,NO,YES,EXTRA_IN_SQL
quality_control_app_user,eqms_incoming_inspection_deviation_note_history,NO,YES,EXTRA_IN_SQL
quality_control_app_user,eqms_incoming_inspection_hardware_result,NO,YES,EXTRA_IN_SQL
quality_control_app_user,eqms_incoming_inspection_hardware_result_history,NO,YES,EXTRA_IN_SQL
quality_control_app_user,eqms_incoming_inspection_part_details,NO,YES,EXTRA_IN_SQL
quality_control_app_user,eqms_incoming_inspection_part_details_history,NO,YES,EXTRA_IN_SQL
quality_control_app_user,eqms_incoming_inspection_results,NO,YES,EXTRA_IN_SQL
quality_control_app_user,eqms_incoming_inspection_results_history,NO,YES,EXTRA_IN_SQL
quality_control_app_user,eqms_incoming_inspection_results_supporting_files,NO,YES,EXTRA_IN_SQL
quality_control_app_user,eqms_incoming_inspection_results_supporting_files_history,NO,YES,EXTRA_IN_SQL
quality_control_app_user,eqms_incoming_inspection_software_result,NO,YES,EXTRA_IN_SQL
quality_control_app_user,eqms_incoming_inspection_software_result_history,NO,YES,EXTRA_IN_SQL
quality_control_app_user,eqms_incoming_inspection_spec_criteria,NO,YES,EXTRA_IN_SQL
quality_control_app_user,eqms_incoming_inspection_specification_history,NO,YES,EXTRA_IN_SQL
quality_control_app_user,eqms_incoming_inspection_unit_results,NO,YES,EXTRA_IN_SQL
quality_control_app_user,eqms_incoming_inspection_unit_results_history,NO,YES,EXTRA_IN_SQL
quality_control_app_user,eqms_inventory_location,NO,YES,EXTRA_IN_SQL
quality_control_app_user,eqms_inventory_stock,NO,YES,EXTRA_IN_SQL
quality_control_app_user,eqms_inventory_stock_history,NO,YES,EXTRA_IN_SQL
quality_control_app_user,eqms_menu_instance,NO,YES,EXTRA_IN_SQL
quality_control_app_user,eqms_module,NO,YES,EXTRA_IN_SQL
quality_control_app_user,eqms_nomenclature_category,NO,YES,EXTRA_IN_SQL
quality_control_app_user,eqms_non_conformance_details,NO,YES,EXTRA_IN_SQL
quality_control_app_user,eqms_non_conformance_details_history,NO,YES,EXTRA_IN_SQL
quality_control_app_user,eqms_non_conformance_details_supporting_files,NO,YES,EXTRA_IN_SQL
quality_control_app_user,eqms_non_conformance_details_supporting_files_history,NO,YES,EXTRA_IN_SQL
quality_control_app_user,eqms_object,NO,YES,EXTRA_IN_SQL
quality_control_app_user,eqms_object_context,NO,YES,EXTRA_IN_SQL
quality_control_app_user,eqms_object_context_history,NO,YES,EXTRA_IN_SQL
quality_control_app_user,eqms_object_project_instance,NO,YES,EXTRA_IN_SQL
quality_control_app_user,eqms_object_project_instance_history,NO,YES,EXTRA_IN_SQL
quality_control_app_user,eqms_organization_department,NO,YES,EXTRA_IN_SQL
quality_control_app_user,eqms_organization_employee,NO,YES,EXTRA_IN_SQL
quality_control_app_user,eqms_part_category,NO,YES,EXTRA_IN_SQL
quality_control_app_user,eqms_part_category_subclass_lk,NO,YES,EXTRA_IN_SQL
quality_control_app_user,eqms_part_category_type_lk,NO,YES,EXTRA_IN_SQL
quality_control_app_user,eqms_part_component_type_lk,NO,YES,EXTRA_IN_SQL
quality_control_app_user,eqms_part_lk,NO,YES,EXTRA_IN_SQL
quality_control_app_user,eqms_part_location_details,NO,YES,EXTRA_IN_SQL
quality_control_app_user,eqms_part_quantity_type_lk,NO,YES,EXTRA_IN_SQL
quality_control_app_user,eqms_part_subcategory_type_lk,NO,YES,EXTRA_IN_SQL
quality_control_app_user,eqms_pre_prod_bom_applicable_settings,NO,YES,EXTRA_IN_SQL
quality_control_app_user,eqms_pre_prod_bom_assembly_part_item_details,NO,YES,EXTRA_IN_SQL
quality_control_app_user,eqms_pre_prod_incoming_inspection_specification,NO,YES,EXTRA_IN_SQL
quality_control_app_user,eqms_project_instance_header,NO,YES,EXTRA_IN_SQL
quality_control_app_user,eqms_project_type,NO,YES,EXTRA_IN_SQL
quality_control_app_user,eqms_purchase_order,NO,YES,EXTRA_IN_SQL
quality_control_app_user,eqms_purchase_order_part_detail,NO,YES,EXTRA_IN_SQL
quality_control_app_user,eqms_purchase_order_type_lk,NO,YES,EXTRA_IN_SQL
quality_control_app_user,eqms_purchase_team,NO,YES,EXTRA_IN_SQL
quality_control_app_user,eqms_purchase_team_details,NO,YES,EXTRA_IN_SQL
quality_control_app_user,eqms_purchase_team_details_history,NO,YES,EXTRA_IN_SQL
quality_control_app_user,eqms_purchase_team_history,NO,YES,EXTRA_IN_SQL
quality_control_app_user,eqms_roles_lk,NO,YES,EXTRA_IN_SQL
quality_control_app_user,eqms_sample_order_insp_spec_results,NO,YES,EXTRA_IN_SQL
quality_control_app_user,eqms_sample_order_inspection_criteria,NO,YES,EXTRA_IN_SQL
quality_control_app_user,eqms_sample_order_inspection_specification,NO,YES,EXTRA_IN_SQL
quality_control_app_user,eqms_sanity_check_inspection,NO,YES,EXTRA_IN_SQL
quality_control_app_user,eqms_sanity_check_inspection_history,NO,YES,EXTRA_IN_SQL
quality_control_app_user,eqms_sanity_check_inspection_spec_results,NO,YES,EXTRA_IN_SQL
quality_control_app_user,eqms_sanity_check_inspection_spec_results_history,NO,YES,EXTRA_IN_SQL
quality_control_app_user,eqms_sanity_check_inspection_supporting_files,NO,YES,EXTRA_IN_SQL
quality_control_app_user,eqms_sanity_check_inspection_supporting_files_history,NO,YES,EXTRA_IN_SQL
quality_control_app_user,eqms_sanity_spec_checklist,NO,YES,EXTRA_IN_SQL
quality_control_app_user,eqms_sanity_spec_checklist_applicable_group,NO,YES,EXTRA_IN_SQL
quality_control_app_user,eqms_sanity_spec_checklist_applicable_group_history,NO,YES,EXTRA_IN_SQL
quality_control_app_user,eqms_sanity_spec_checklist_detail,NO,YES,EXTRA_IN_SQL
quality_control_app_user,eqms_sanity_spec_checklist_detail_history,NO,YES,EXTRA_IN_SQL
quality_control_app_user,eqms_sanity_spec_checklist_group_lk,NO,YES,EXTRA_IN_SQL
quality_control_app_user,eqms_sanity_spec_checklist_group_lk_history,NO,YES,EXTRA_IN_SQL
quality_control_app_user,eqms_sanity_spec_checklist_history,NO,YES,EXTRA_IN_SQL
quality_control_app_user,eqms_selection_lk,NO,YES,EXTRA_IN_SQL
quality_control_app_user,eqms_software_test_procedure_spec,NO,YES,EXTRA_IN_SQL
quality_control_app_user,eqms_software_test_procedure_spec_history,NO,YES,EXTRA_IN_SQL
quality_control_app_user,eqms_status_lk,NO,YES,EXTRA_IN_SQL
quality_control_app_user,eqms_users,NO,YES,EXTRA_IN_SQL
quality_control_app_user,eqms_vendor_part_category_mapper,NO,YES,EXTRA_IN_SQL
quality_control_app_user,eqms_vendor_type_lk,NO,YES,EXTRA_IN_SQL
quality_control_app_user,eqms_vendors,NO,YES,EXTRA_IN_SQL
quality_control_app_user,eqms_verification_result_lk,NO,YES,EXTRA_IN_SQL
risk_app_user,eqms_component_record,NO,YES,EXTRA_IN_SQL
risk_app_user,eqms_context_types,NO,YES,EXTRA_IN_SQL
risk_app_user,eqms_dig_specification,NO,YES,EXTRA_IN_SQL
risk_app_user,eqms_document_template,NO,YES,EXTRA_IN_SQL
risk_app_user,eqms_document_template_form_mapping,NO,YES,EXTRA_IN_SQL
risk_app_user,eqms_document_template_history,NO,YES,EXTRA_IN_SQL
risk_app_user,eqms_document_template_type_lk,NO,YES,EXTRA_IN_SQL
risk_app_user,eqms_entity_subscription,NO,YES,EXTRA_IN_SQL
risk_app_user,eqms_entity_template,NO,YES,EXTRA_IN_SQL
risk_app_user,eqms_file_history,NO,YES,EXTRA_IN_SQL
risk_app_user,eqms_form,NO,YES,EXTRA_IN_SQL
risk_app_user,eqms_form_draft_supporting_files,NO,YES,EXTRA_IN_SQL
risk_app_user,eqms_form_drafts,NO,YES,EXTRA_IN_SQL
risk_app_user,eqms_form_menu_mapping,NO,YES,EXTRA_IN_SQL
risk_app_user,eqms_form_type_lk,NO,YES,EXTRA_IN_SQL
risk_app_user,eqms_gender_lk,NO,YES,EXTRA_IN_SQL
risk_app_user,eqms_harm_hazard_mapping,NO,YES,EXTRA_IN_SQL
risk_app_user,eqms_harm_hazard_mapping_history,NO,YES,EXTRA_IN_SQL
risk_app_user,eqms_harm_lk,NO,YES,EXTRA_IN_SQL
risk_app_user,eqms_hazard,NO,YES,EXTRA_IN_SQL
risk_app_user,eqms_hazard_history,NO,YES,EXTRA_IN_SQL
risk_app_user,eqms_hazard_identification,NO,YES,EXTRA_IN_SQL
risk_app_user,eqms_hazard_identification_history,NO,YES,EXTRA_IN_SQL
risk_app_user,eqms_hazard_identification_tool_lk,NO,YES,EXTRA_IN_SQL
risk_app_user,eqms_hazard_identification_tool_mapper,NO,YES,EXTRA_IN_SQL
risk_app_user,eqms_hazard_identification_tool_mapper_history,NO,YES,EXTRA_IN_SQL
risk_app_user,eqms_hazard_identification_tool_supp_files,NO,YES,EXTRA_IN_SQL
risk_app_user,eqms_hazard_identification_tool_supp_files_history,NO,YES,EXTRA_IN_SQL
risk_app_user,eqms_hazard_ref_rcm,NO,YES,EXTRA_IN_SQL
risk_app_user,eqms_hazard_ref_rcm_history,NO,YES,EXTRA_IN_SQL
risk_app_user,eqms_individual_residual_risk_analysis,NO,YES,EXTRA_IN_SQL
risk_app_user,eqms_individual_residual_risk_analysis_history,NO,YES,EXTRA_IN_SQL
risk_app_user,eqms_menu_instance,NO,YES,EXTRA_IN_SQL
risk_app_user,eqms_menu_lk,NO,YES,EXTRA_IN_SQL
risk_app_user,eqms_module,NO,YES,EXTRA_IN_SQL
risk_app_user,eqms_nomenclature_category,NO,YES,EXTRA_IN_SQL
risk_app_user,eqms_object,NO,YES,EXTRA_IN_SQL
risk_app_user,eqms_object_context,NO,YES,EXTRA_IN_SQL
risk_app_user,eqms_object_project_instance,NO,YES,EXTRA_IN_SQL
risk_app_user,eqms_object_project_instance_history,NO,YES,EXTRA_IN_SQL
risk_app_user,eqms_organization,NO,YES,EXTRA_IN_SQL
risk_app_user,eqms_organization_department,NO,YES,EXTRA_IN_SQL
risk_app_user,eqms_organization_department_history,NO,YES,EXTRA_IN_SQL
risk_app_user,eqms_organization_employee,NO,YES,EXTRA_IN_SQL
risk_app_user,eqms_organization_employee_history,NO,YES,EXTRA_IN_SQL
risk_app_user,eqms_organization_history,NO,YES,EXTRA_IN_SQL
risk_app_user,eqms_product_variants,NO,YES,EXTRA_IN_SQL
risk_app_user,eqms_project,NO,YES,EXTRA_IN_SQL
risk_app_user,eqms_project_applicable_specification,NO,YES,EXTRA_IN_SQL
risk_app_user,eqms_project_product_variants,NO,YES,EXTRA_IN_SQL
risk_app_user,eqms_project_risk_assessment_matrix,NO,YES,EXTRA_IN_SQL
risk_app_user,eqms_project_risk_assessment_matrix_history,NO,YES,EXTRA_IN_SQL
risk_app_user,eqms_project_risk_probability_level,NO,YES,EXTRA_IN_SQL
risk_app_user,eqms_project_risk_probability_level_history,NO,YES,EXTRA_IN_SQL
risk_app_user,eqms_project_risk_severity_level,NO,YES,EXTRA_IN_SQL
risk_app_user,eqms_project_risk_severity_level_history,NO,YES,EXTRA_IN_SQL
risk_app_user,eqms_rcm_type_lk,NO,YES,EXTRA_IN_SQL
risk_app_user,eqms_record,NO,YES,EXTRA_IN_SQL
risk_app_user,eqms_record_history,NO,YES,EXTRA_IN_SQL
risk_app_user,eqms_risk,NO,YES,EXTRA_IN_SQL
risk_app_user,eqms_risk_assessment_matrix_template,NO,YES,EXTRA_IN_SQL
risk_app_user,eqms_risk_category_applicability,NO,YES,EXTRA_IN_SQL
risk_app_user,eqms_risk_category_applicability_history,NO,YES,EXTRA_IN_SQL
risk_app_user,eqms_risk_category_lk,NO,YES,EXTRA_IN_SQL
risk_app_user,eqms_risk_control_measure,NO,YES,EXTRA_IN_SQL
risk_app_user,eqms_risk_control_measure_history,NO,YES,EXTRA_IN_SQL
risk_app_user,eqms_risk_history,NO,YES,EXTRA_IN_SQL
risk_app_user,eqms_risk_identification_method_lk,NO,YES,EXTRA_IN_SQL
risk_app_user,eqms_risk_management_plan,NO,YES,EXTRA_IN_SQL
risk_app_user,eqms_risk_management_plan_history,NO,YES,EXTRA_IN_SQL
risk_app_user,eqms_risk_menu_stage_review,NO,YES,EXTRA_IN_SQL
risk_app_user,eqms_risk_menu_stage_review_history,NO,YES,EXTRA_IN_SQL
risk_app_user,eqms_risk_probability_level_template,NO,YES,EXTRA_IN_SQL
risk_app_user,eqms_risk_review_category_lk,NO,YES,EXTRA_IN_SQL
risk_app_user,eqms_risk_review_report_summary,NO,YES,EXTRA_IN_SQL
risk_app_user,eqms_risk_review_report_summary_history,NO,YES,EXTRA_IN_SQL
risk_app_user,eqms_risk_review_report_summary_supporting_files,NO,YES,EXTRA_IN_SQL
risk_app_user,eqms_risk_review_report_summary_supporting_files_history,NO,YES,EXTRA_IN_SQL
risk_app_user,eqms_risk_review_requirment,NO,YES,EXTRA_IN_SQL
risk_app_user,eqms_risk_review_requirment_history,NO,YES,EXTRA_IN_SQL
risk_app_user,eqms_risk_review_summary_lk,NO,YES,EXTRA_IN_SQL
risk_app_user,eqms_risk_severity_level_template,NO,YES,EXTRA_IN_SQL
risk_app_user,eqms_risk_stage_review,NO,YES,EXTRA_IN_SQL
risk_app_user,eqms_risk_stage_review_history,NO,YES,EXTRA_IN_SQL
risk_app_user,eqms_risk_subcategory_applicability,NO,YES,EXTRA_IN_SQL
risk_app_user,eqms_risk_subcategory_applicability_history,NO,YES,EXTRA_IN_SQL
risk_app_user,eqms_risk_subcategory_lk,NO,YES,EXTRA_IN_SQL
risk_app_user,eqms_rm_after_mitigation_matrix,NO,YES,EXTRA_IN_SQL
risk_app_user,eqms_rm_after_mitigation_matrix_history,NO,YES,EXTRA_IN_SQL
risk_app_user,eqms_rm_before_mitigation_matrix,NO,YES,EXTRA_IN_SQL
risk_app_user,eqms_rm_before_mitigation_matrix_history,NO,YES,EXTRA_IN_SQL
risk_app_user,eqms_rm_benefit_risk_anlysis,NO,YES,EXTRA_IN_SQL
risk_app_user,eqms_rm_benefit_risk_anlysis_history,NO,YES,EXTRA_IN_SQL
risk_app_user,eqms_rm_comparison_operator_lk,NO,YES,EXTRA_IN_SQL
risk_app_user,eqms_rmp_applicable_stage,NO,YES,EXTRA_IN_SQL
risk_app_user,eqms_rmp_applicable_stage_history,NO,YES,EXTRA_IN_SQL
risk_app_user,eqms_rmp_applicable_stage_lk,NO,YES,EXTRA_IN_SQL
risk_app_user,eqms_rmp_committee,NO,YES,EXTRA_IN_SQL
risk_app_user,eqms_rmp_committee_history,NO,YES,EXTRA_IN_SQL
risk_app_user,eqms_rmp_intended_device_user_profile,NO,YES,EXTRA_IN_SQL
risk_app_user,eqms_rmp_intended_device_user_profile_history,NO,YES,EXTRA_IN_SQL
risk_app_user,eqms_rmp_patient_anatomical_scope,NO,YES,EXTRA_IN_SQL
risk_app_user,eqms_rmp_patient_anatomical_scope_history,NO,YES,EXTRA_IN_SQL
risk_app_user,eqms_rmp_patient_population,NO,YES,EXTRA_IN_SQL
risk_app_user,eqms_rmp_patient_population_history,NO,YES,EXTRA_IN_SQL
risk_app_user,eqms_rmp_production_post_production_info,NO,YES,EXTRA_IN_SQL
risk_app_user,eqms_rmp_production_post_production_info_history,NO,YES,EXTRA_IN_SQL
risk_app_user,eqms_rmp_residual_risk_acceptability_criteria,NO,YES,EXTRA_IN_SQL
risk_app_user,eqms_rmp_residual_risk_acceptability_criteria_history,NO,YES,EXTRA_IN_SQL
risk_app_user,eqms_rmp_residual_risk_acceptability_type_lk,NO,YES,EXTRA_IN_SQL
risk_app_user,eqms_rmp_responsibility_lk,NO,YES,EXTRA_IN_SQL
risk_app_user,eqms_rmp_team_member,NO,YES,EXTRA_IN_SQL
risk_app_user,eqms_rmp_team_member_history,NO,YES,EXTRA_IN_SQL
risk_app_user,eqms_rmp_team_structure_mapper,NO,YES,EXTRA_IN_SQL
risk_app_user,eqms_rmp_team_structure_mapper_history,NO,YES,EXTRA_IN_SQL
risk_app_user,eqms_rmp_user_type_lk,NO,YES,EXTRA_IN_SQL
risk_app_user,eqms_roles_lk,NO,YES,EXTRA_IN_SQL
risk_app_user,eqms_selection_lk,NO,YES,EXTRA_IN_SQL
risk_app_user,eqms_status_lk,NO,YES,EXTRA_IN_SQL
risk_app_user,eqms_users,NO,YES,EXTRA_IN_SQL
risk_app_user,eqms_users_history,NO,YES,EXTRA_IN_SQL
risk_app_user,eqms_value_acceptability_lk,NO,YES,EXTRA_IN_SQL
sales_app_user,eqms_context_types,NO,YES,EXTRA_IN_SQL
sales_app_user,eqms_cus_feedback_criteria_lk,NO,YES,EXTRA_IN_SQL
sales_app_user,eqms_cus_feedback_criteria_lk_history,NO,YES,EXTRA_IN_SQL
sales_app_user,eqms_cus_feedback_group_lk,NO,YES,EXTRA_IN_SQL
sales_app_user,eqms_cus_feedback_group_lk_history,NO,YES,EXTRA_IN_SQL
sales_app_user,eqms_cus_feedback_person_supporting_files,NO,YES,EXTRA_IN_SQL
sales_app_user,eqms_cus_feedback_person_supporting_files_history,NO,YES,EXTRA_IN_SQL
sales_app_user,eqms_customer_feedback,NO,YES,EXTRA_IN_SQL
sales_app_user,eqms_customer_feedback_criteria,NO,YES,EXTRA_IN_SQL
sales_app_user,eqms_customer_feedback_criteria_detail,NO,YES,EXTRA_IN_SQL
sales_app_user,eqms_customer_feedback_criteria_detail_history,NO,YES,EXTRA_IN_SQL
sales_app_user,eqms_customer_feedback_criteria_history,NO,YES,EXTRA_IN_SQL
sales_app_user,eqms_customer_feedback_history,NO,YES,EXTRA_IN_SQL
sales_app_user,eqms_customer_feedback_person,NO,YES,EXTRA_IN_SQL
sales_app_user,eqms_customer_feedback_person_history,NO,YES,EXTRA_IN_SQL
sales_app_user,eqms_customer_feedback_response,NO,YES,EXTRA_IN_SQL
sales_app_user,eqms_customer_feedback_response_history,NO,YES,EXTRA_IN_SQL
sales_app_user,eqms_customer_feedback_supporting_files,NO,YES,EXTRA_IN_SQL
sales_app_user,eqms_customer_feedback_supporting_files_history,NO,YES,EXTRA_IN_SQL
sales_app_user,eqms_customer_master,NO,YES,EXTRA_IN_SQL
sales_app_user,eqms_customer_master_history,NO,YES,EXTRA_IN_SQL
sales_app_user,eqms_delivery_dispatch,NO,YES,EXTRA_IN_SQL
sales_app_user,eqms_delivery_dispatch_history,NO,YES,EXTRA_IN_SQL
sales_app_user,eqms_delivery_dispatch_supporting_files,NO,YES,EXTRA_IN_SQL
sales_app_user,eqms_delivery_dispatch_supporting_files_history,NO,YES,EXTRA_IN_SQL
sales_app_user,eqms_delivery_product,NO,YES,EXTRA_IN_SQL
sales_app_user,eqms_delivery_product_history,NO,YES,EXTRA_IN_SQL
sales_app_user,eqms_delivery_site_requirement,NO,YES,EXTRA_IN_SQL
sales_app_user,eqms_delivery_site_requirement_history,NO,YES,EXTRA_IN_SQL
sales_app_user,eqms_document_template,NO,YES,EXTRA_IN_SQL
sales_app_user,eqms_document_template_form_mapping,NO,YES,EXTRA_IN_SQL
sales_app_user,eqms_document_template_type_lk,NO,YES,EXTRA_IN_SQL
sales_app_user,eqms_entity_template,NO,YES,EXTRA_IN_SQL
sales_app_user,eqms_feedback_rating_lk,NO,YES,EXTRA_IN_SQL
sales_app_user,eqms_feedback_source_lk,NO,YES,EXTRA_IN_SQL
sales_app_user,eqms_file,NO,YES,EXTRA_IN_SQL
sales_app_user,eqms_file_category_lk,NO,YES,EXTRA_IN_SQL
sales_app_user,eqms_file_tags,NO,YES,EXTRA_IN_SQL
sales_app_user,eqms_form,NO,YES,EXTRA_IN_SQL
sales_app_user,eqms_form_draft_supporting_files,NO,YES,EXTRA_IN_SQL
sales_app_user,eqms_form_drafts,NO,YES,EXTRA_IN_SQL
sales_app_user,eqms_form_menu_mapping,NO,YES,EXTRA_IN_SQL
sales_app_user,eqms_menu_instance,NO,YES,EXTRA_IN_SQL
sales_app_user,eqms_module,NO,YES,EXTRA_IN_SQL
sales_app_user,eqms_month_lk,NO,YES,EXTRA_IN_SQL
sales_app_user,eqms_nomenclature_category,NO,YES,EXTRA_IN_SQL
sales_app_user,eqms_object,NO,YES,EXTRA_IN_SQL
sales_app_user,eqms_object_context,NO,YES,EXTRA_IN_SQL
sales_app_user,eqms_object_project_instance,NO,YES,EXTRA_IN_SQL
sales_app_user,eqms_object_project_instance_history,NO,YES,EXTRA_IN_SQL
sales_app_user,eqms_order_acknowledgement,NO,YES,EXTRA_IN_SQL
sales_app_user,eqms_order_acknowledgement_history,NO,YES,EXTRA_IN_SQL
sales_app_user,eqms_order_acknowledgement_supporting_files,NO,YES,EXTRA_IN_SQL
sales_app_user,eqms_order_acknowledgement_supporting_files_history,NO,YES,EXTRA_IN_SQL
sales_app_user,eqms_order_approval_mode_lk,NO,YES,EXTRA_IN_SQL
sales_app_user,eqms_organization,NO,YES,EXTRA_IN_SQL
sales_app_user,eqms_organization_department,NO,YES,EXTRA_IN_SQL
sales_app_user,eqms_organization_employee,NO,YES,EXTRA_IN_SQL
sales_app_user,eqms_organization_product,NO,YES,EXTRA_IN_SQL
sales_app_user,eqms_priority_lk,NO,YES,EXTRA_IN_SQL
sales_app_user,eqms_product_category_lk,NO,YES,EXTRA_IN_SQL
sales_app_user,eqms_product_group_lk,NO,YES,EXTRA_IN_SQL
sales_app_user,eqms_product_subtype_lk,NO,YES,EXTRA_IN_SQL
sales_app_user,eqms_product_type_lk,NO,YES,EXTRA_IN_SQL
sales_app_user,eqms_product_variants,NO,YES,EXTRA_IN_SQL
sales_app_user,eqms_quotation,NO,YES,EXTRA_IN_SQL
sales_app_user,eqms_quotation_customer,NO,YES,EXTRA_IN_SQL
sales_app_user,eqms_quotation_customer_history,NO,YES,EXTRA_IN_SQL
sales_app_user,eqms_quotation_history,NO,YES,EXTRA_IN_SQL
sales_app_user,eqms_quotation_product,NO,YES,EXTRA_IN_SQL
sales_app_user,eqms_quotation_product_history,NO,YES,EXTRA_IN_SQL
sales_app_user,eqms_quotation_supporting_files,NO,YES,EXTRA_IN_SQL
sales_app_user,eqms_quotation_supporting_files_history,NO,YES,EXTRA_IN_SQL
sales_app_user,eqms_roles_lk,NO,YES,EXTRA_IN_SQL
sales_app_user,eqms_sales_forecast,NO,YES,EXTRA_IN_SQL
sales_app_user,eqms_sales_forecast_detail,NO,YES,EXTRA_IN_SQL
sales_app_user,eqms_sales_forecast_detail_history,NO,YES,EXTRA_IN_SQL
sales_app_user,eqms_sales_forecast_history,NO,YES,EXTRA_IN_SQL
sales_app_user,eqms_sales_forecast_supporting_file,NO,YES,EXTRA_IN_SQL
sales_app_user,eqms_sales_forecast_supporting_file_history,NO,YES,EXTRA_IN_SQL
sales_app_user,eqms_status_lk,NO,YES,EXTRA_IN_SQL
sales_app_user,eqms_tags,NO,YES,EXTRA_IN_SQL
sales_app_user,eqms_users,NO,YES,EXTRA_IN_SQL
sales_app_user,eqms_users_history,NO,YES,EXTRA_IN_SQL
sales_app_user,eqms_year_lk,NO,YES,EXTRA_IN_SQL
vendor_purchase_app_user,eqms_bom_assembly_parts,NO,YES,EXTRA_IN_SQL
vendor_purchase_app_user,eqms_bom_master,NO,YES,EXTRA_IN_SQL
vendor_purchase_app_user,eqms_bom_variant_master,NO,YES,EXTRA_IN_SQL
vendor_purchase_app_user,eqms_context_types,NO,YES,EXTRA_IN_SQL
vendor_purchase_app_user,eqms_document_template,NO,YES,EXTRA_IN_SQL
vendor_purchase_app_user,eqms_document_template_form_mapping,NO,YES,EXTRA_IN_SQL
vendor_purchase_app_user,eqms_document_template_type_lk,NO,YES,EXTRA_IN_SQL
vendor_purchase_app_user,eqms_entity_template,NO,YES,EXTRA_IN_SQL
vendor_purchase_app_user,eqms_equipment_category_lk,NO,YES,EXTRA_IN_SQL
vendor_purchase_app_user,eqms_file,NO,YES,EXTRA_IN_SQL
vendor_purchase_app_user,eqms_file_category_lk,NO,YES,EXTRA_IN_SQL
vendor_purchase_app_user,eqms_file_tags,NO,YES,EXTRA_IN_SQL
vendor_purchase_app_user,eqms_form,NO,YES,EXTRA_IN_SQL
vendor_purchase_app_user,eqms_form_draft_supporting_files,NO,YES,EXTRA_IN_SQL
vendor_purchase_app_user,eqms_form_drafts,NO,YES,EXTRA_IN_SQL
vendor_purchase_app_user,eqms_form_menu_mapping,NO,YES,EXTRA_IN_SQL
vendor_purchase_app_user,eqms_form_type_lk,NO,YES,EXTRA_IN_SQL
vendor_purchase_app_user,eqms_infrastructure_category_lk,NO,YES,EXTRA_IN_SQL
vendor_purchase_app_user,eqms_infrastructure_request,NO,YES,EXTRA_IN_SQL
vendor_purchase_app_user,eqms_infrastructure_request_history,NO,YES,EXTRA_IN_SQL
vendor_purchase_app_user,eqms_infrastructure_type_lk,NO,YES,EXTRA_IN_SQL
vendor_purchase_app_user,eqms_inventory_location,NO,YES,EXTRA_IN_SQL
vendor_purchase_app_user,eqms_inventory_stock,NO,YES,EXTRA_IN_SQL
vendor_purchase_app_user,eqms_inventory_stock_history,NO,YES,EXTRA_IN_SQL
vendor_purchase_app_user,eqms_menu_instance,NO,YES,EXTRA_IN_SQL
vendor_purchase_app_user,eqms_menu_lk,NO,YES,EXTRA_IN_SQL
vendor_purchase_app_user,eqms_module,NO,YES,EXTRA_IN_SQL
vendor_purchase_app_user,eqms_nomenclature_category,NO,YES,EXTRA_IN_SQL
vendor_purchase_app_user,eqms_object,NO,YES,EXTRA_IN_SQL
vendor_purchase_app_user,eqms_object_context,NO,YES,EXTRA_IN_SQL
vendor_purchase_app_user,eqms_object_project_instance,NO,YES,EXTRA_IN_SQL
vendor_purchase_app_user,eqms_object_project_instance_history,NO,YES,EXTRA_IN_SQL
vendor_purchase_app_user,eqms_organization,NO,YES,EXTRA_IN_SQL
vendor_purchase_app_user,eqms_organization_department,NO,YES,EXTRA_IN_SQL
vendor_purchase_app_user,eqms_organization_employee,NO,YES,EXTRA_IN_SQL
vendor_purchase_app_user,eqms_organization_employee_history,NO,YES,EXTRA_IN_SQL
vendor_purchase_app_user,eqms_organization_product,NO,YES,EXTRA_IN_SQL
vendor_purchase_app_user,eqms_part_category,NO,YES,EXTRA_IN_SQL
vendor_purchase_app_user,eqms_part_category_history,NO,YES,EXTRA_IN_SQL
vendor_purchase_app_user,eqms_part_category_subclass_lk,NO,YES,EXTRA_IN_SQL
vendor_purchase_app_user,eqms_part_category_supporting_files,NO,YES,EXTRA_IN_SQL
vendor_purchase_app_user,eqms_part_category_supporting_files_history,NO,YES,EXTRA_IN_SQL
vendor_purchase_app_user,eqms_part_category_type_lk,NO,YES,EXTRA_IN_SQL
vendor_purchase_app_user,eqms_part_drawing_supporting_files,NO,YES,EXTRA_IN_SQL
vendor_purchase_app_user,eqms_part_lk,NO,YES,EXTRA_IN_SQL
vendor_purchase_app_user,eqms_part_lk_history,NO,YES,EXTRA_IN_SQL
vendor_purchase_app_user,eqms_part_purchase_type_lk,NO,YES,EXTRA_IN_SQL
vendor_purchase_app_user,eqms_part_subcategory_type_lk,NO,YES,EXTRA_IN_SQL
vendor_purchase_app_user,eqms_performance_rating_lk,NO,YES,EXTRA_IN_SQL
vendor_purchase_app_user,eqms_product_variants,NO,YES,EXTRA_IN_SQL
vendor_purchase_app_user,eqms_project,NO,YES,EXTRA_IN_SQL
vendor_purchase_app_user,eqms_project_instance_header,NO,YES,EXTRA_IN_SQL
vendor_purchase_app_user,eqms_purchase_infrastructure_request,NO,YES,EXTRA_IN_SQL
vendor_purchase_app_user,eqms_purchase_infrastructure_request_history,NO,YES,EXTRA_IN_SQL
vendor_purchase_app_user,eqms_purchase_order,NO,YES,EXTRA_IN_SQL
vendor_purchase_app_user,eqms_purchase_order_history,NO,YES,EXTRA_IN_SQL
vendor_purchase_app_user,eqms_purchase_order_infrastructure_detail,NO,YES,EXTRA_IN_SQL
vendor_purchase_app_user,eqms_purchase_order_infrastructure_detail_history,NO,YES,EXTRA_IN_SQL
vendor_purchase_app_user,eqms_purchase_order_invoice_to,NO,YES,EXTRA_IN_SQL
vendor_purchase_app_user,eqms_purchase_order_invoice_to_history,NO,YES,EXTRA_IN_SQL
vendor_purchase_app_user,eqms_purchase_order_part_detail,NO,YES,EXTRA_IN_SQL
vendor_purchase_app_user,eqms_purchase_order_part_detail_history,NO,YES,EXTRA_IN_SQL
vendor_purchase_app_user,eqms_purchase_order_ship_to,NO,YES,EXTRA_IN_SQL
vendor_purchase_app_user,eqms_purchase_order_ship_to_history,NO,YES,EXTRA_IN_SQL
vendor_purchase_app_user,eqms_purchase_order_source_log,NO,YES,EXTRA_IN_SQL
vendor_purchase_app_user,eqms_purchase_order_source_log_history,NO,YES,EXTRA_IN_SQL
vendor_purchase_app_user,eqms_purchase_order_supporting_files,NO,YES,EXTRA_IN_SQL
vendor_purchase_app_user,eqms_purchase_order_supporting_files_history,NO,YES,EXTRA_IN_SQL
vendor_purchase_app_user,eqms_purchase_order_type_lk,NO,YES,EXTRA_IN_SQL
vendor_purchase_app_user,eqms_purchase_requisition,NO,YES,EXTRA_IN_SQL
vendor_purchase_app_user,eqms_purchase_requisition_history,NO,YES,EXTRA_IN_SQL
vendor_purchase_app_user,eqms_purchase_requisition_part_detail,NO,YES,EXTRA_IN_SQL
vendor_purchase_app_user,eqms_purchase_requisition_part_detail_history,NO,YES,EXTRA_IN_SQL
vendor_purchase_app_user,eqms_requirement_lk,NO,YES,EXTRA_IN_SQL
vendor_purchase_app_user,eqms_roles_lk,NO,YES,EXTRA_IN_SQL
vendor_purchase_app_user,eqms_sample_inspection_procedure_files,NO,YES,EXTRA_IN_SQL
vendor_purchase_app_user,eqms_sample_inspection_procedure_files_history,NO,YES,EXTRA_IN_SQL
vendor_purchase_app_user,eqms_sample_order_insp_spec_results,NO,YES,EXTRA_IN_SQL
vendor_purchase_app_user,eqms_sample_order_insp_spec_results_history,NO,YES,EXTRA_IN_SQL
vendor_purchase_app_user,eqms_sample_order_insp_spec_supporting_files,NO,YES,EXTRA_IN_SQL
vendor_purchase_app_user,eqms_sample_order_insp_spec_supporting_files_history,NO,YES,EXTRA_IN_SQL
vendor_purchase_app_user,eqms_sample_order_inspection,NO,YES,EXTRA_IN_SQL
vendor_purchase_app_user,eqms_sample_order_inspection_criteria,NO,YES,EXTRA_IN_SQL
vendor_purchase_app_user,eqms_sample_order_inspection_criteria_history,NO,YES,EXTRA_IN_SQL
vendor_purchase_app_user,eqms_sample_order_inspection_history,NO,YES,EXTRA_IN_SQL
vendor_purchase_app_user,eqms_sample_order_inspection_specification,NO,YES,EXTRA_IN_SQL
vendor_purchase_app_user,eqms_sample_order_inspection_specification_history,NO,YES,EXTRA_IN_SQL
vendor_purchase_app_user,eqms_sample_order_inspection_supporting_files,NO,YES,EXTRA_IN_SQL
vendor_purchase_app_user,eqms_sample_order_inspection_supporting_files_history,NO,YES,EXTRA_IN_SQL
vendor_purchase_app_user,eqms_sample_order_part_mapper,NO,YES,EXTRA_IN_SQL
vendor_purchase_app_user,eqms_sample_order_part_mapper_history,NO,YES,EXTRA_IN_SQL
vendor_purchase_app_user,eqms_sample_orders,NO,YES,EXTRA_IN_SQL
vendor_purchase_app_user,eqms_sample_orders_history,NO,YES,EXTRA_IN_SQL
vendor_purchase_app_user,eqms_sample_orders_supporting_files,NO,YES,EXTRA_IN_SQL
vendor_purchase_app_user,eqms_sample_orders_supporting_files_history,NO,YES,EXTRA_IN_SQL
vendor_purchase_app_user,eqms_status_lk,NO,YES,EXTRA_IN_SQL
vendor_purchase_app_user,eqms_tags,NO,YES,EXTRA_IN_SQL
vendor_purchase_app_user,eqms_users,NO,YES,EXTRA_IN_SQL
vendor_purchase_app_user,eqms_vendor_agreement_checklist,NO,YES,EXTRA_IN_SQL
vendor_purchase_app_user,eqms_vendor_agreement_checklist_history,NO,YES,EXTRA_IN_SQL
vendor_purchase_app_user,eqms_vendor_agreement_checklist_lk,NO,YES,EXTRA_IN_SQL
vendor_purchase_app_user,eqms_vendor_agreement_checklist_status,NO,YES,EXTRA_IN_SQL
vendor_purchase_app_user,eqms_vendor_agreement_checklist_status_history,NO,YES,EXTRA_IN_SQL
vendor_purchase_app_user,eqms_vendor_evaluation,NO,YES,EXTRA_IN_SQL
vendor_purchase_app_user,eqms_vendor_evaluation_group_remarks,NO,YES,EXTRA_IN_SQL
vendor_purchase_app_user,eqms_vendor_evaluation_group_remarks_history,NO,YES,EXTRA_IN_SQL
vendor_purchase_app_user,eqms_vendor_evaluation_group_remarks_supporting_files,NO,YES,EXTRA_IN_SQL
vendor_purchase_app_user,eqms_vendor_evaluation_group_remarks_supporting_files_history,NO,YES,EXTRA_IN_SQL
vendor_purchase_app_user,eqms_vendor_evaluation_history,NO,YES,EXTRA_IN_SQL
vendor_purchase_app_user,eqms_vendor_evaluation_supporting_files,NO,YES,EXTRA_IN_SQL
vendor_purchase_app_user,eqms_vendor_evaluation_supporting_files_history,NO,YES,EXTRA_IN_SQL
vendor_purchase_app_user,eqms_vendor_evaluation_visit,NO,YES,EXTRA_IN_SQL
vendor_purchase_app_user,eqms_vendor_evaluation_visit_history,NO,YES,EXTRA_IN_SQL
vendor_purchase_app_user,eqms_vendor_group_criteria_mapper,NO,YES,EXTRA_IN_SQL
vendor_purchase_app_user,eqms_vendor_group_criteria_mapper_history,NO,YES,EXTRA_IN_SQL
vendor_purchase_app_user,eqms_vendor_part_category_mapper,NO,YES,EXTRA_IN_SQL
vendor_purchase_app_user,eqms_vendor_part_category_mapper_history,NO,YES,EXTRA_IN_SQL
vendor_purchase_app_user,eqms_vendor_part_category_other_details,NO,YES,EXTRA_IN_SQL
vendor_purchase_app_user,eqms_vendor_part_category_other_details_history,NO,YES,EXTRA_IN_SQL
vendor_purchase_app_user,eqms_vendor_part_category_selection_criteria,NO,YES,EXTRA_IN_SQL
vendor_purchase_app_user,eqms_vendor_part_category_selection_criteria_history,NO,YES,EXTRA_IN_SQL
vendor_purchase_app_user,eqms_vendor_re_evaluation,NO,YES,EXTRA_IN_SQL
vendor_purchase_app_user,eqms_vendor_re_evaluation_applicable_group,NO,YES,EXTRA_IN_SQL
vendor_purchase_app_user,eqms_vendor_re_evaluation_applicable_group_history,NO,YES,EXTRA_IN_SQL
vendor_purchase_app_user,eqms_vendor_re_evaluation_criteria,NO,YES,EXTRA_IN_SQL
vendor_purchase_app_user,eqms_vendor_re_evaluation_criteria_history,NO,YES,EXTRA_IN_SQL
vendor_purchase_app_user,eqms_vendor_re_evaluation_criteria_supporting_files,NO,YES,EXTRA_IN_SQL
vendor_purchase_app_user,eqms_vendor_re_evaluation_criteria_supporting_files_history,NO,YES,EXTRA_IN_SQL
vendor_purchase_app_user,eqms_vendor_re_evaluation_frequency_lk,NO,YES,EXTRA_IN_SQL
vendor_purchase_app_user,eqms_vendor_re_evaluation_group_criteria_lk,NO,YES,EXTRA_IN_SQL
vendor_purchase_app_user,eqms_vendor_re_evaluation_group_criteria_lk_history,NO,YES,EXTRA_IN_SQL
vendor_purchase_app_user,eqms_vendor_re_evaluation_group_criteria_mapper,NO,YES,EXTRA_IN_SQL
vendor_purchase_app_user,eqms_vendor_re_evaluation_group_criteria_mapper_history,NO,YES,EXTRA_IN_SQL
vendor_purchase_app_user,eqms_vendor_re_evaluation_group_lk,NO,YES,EXTRA_IN_SQL
vendor_purchase_app_user,eqms_vendor_re_evaluation_group_lk_history,NO,YES,EXTRA_IN_SQL
vendor_purchase_app_user,eqms_vendor_re_evaluation_group_remarks,NO,YES,EXTRA_IN_SQL
vendor_purchase_app_user,eqms_vendor_re_evaluation_group_remarks_history,NO,YES,EXTRA_IN_SQL
vendor_purchase_app_user,eqms_vendor_re_evaluation_group_remarks_sup_files,NO,YES,EXTRA_IN_SQL
vendor_purchase_app_user,eqms_vendor_re_evaluation_group_remarks_sup_files_history,NO,YES,EXTRA_IN_SQL
vendor_purchase_app_user,eqms_vendor_re_evaluation_history,NO,YES,EXTRA_IN_SQL
vendor_purchase_app_user,eqms_vendor_re_evaluation_issues_responses,NO,YES,EXTRA_IN_SQL
vendor_purchase_app_user,eqms_vendor_re_evaluation_issues_responses_history,NO,YES,EXTRA_IN_SQL
vendor_purchase_app_user,eqms_vendor_re_evaluation_rating,NO,YES,EXTRA_IN_SQL
vendor_purchase_app_user,eqms_vendor_re_evaluation_rating_history,NO,YES,EXTRA_IN_SQL
vendor_purchase_app_user,eqms_vendor_re_evaluation_supporting_files,NO,YES,EXTRA_IN_SQL
vendor_purchase_app_user,eqms_vendor_re_evaluation_supporting_files_history,NO,YES,EXTRA_IN_SQL
vendor_purchase_app_user,eqms_vendor_re_evaluation_visit,NO,YES,EXTRA_IN_SQL
vendor_purchase_app_user,eqms_vendor_re_evaluation_visit_history,NO,YES,EXTRA_IN_SQL
vendor_purchase_app_user,eqms_vendor_reference_supporting_files,NO,YES,EXTRA_IN_SQL
vendor_purchase_app_user,eqms_vendor_reference_supporting_files_history,NO,YES,EXTRA_IN_SQL
vendor_purchase_app_user,eqms_vendor_selection_applicable_group,NO,YES,EXTRA_IN_SQL
vendor_purchase_app_user,eqms_vendor_selection_applicable_group_history,NO,YES,EXTRA_IN_SQL
vendor_purchase_app_user,eqms_vendor_selection_criteria,NO,YES,EXTRA_IN_SQL
vendor_purchase_app_user,eqms_vendor_selection_criteria_evaluation,NO,YES,EXTRA_IN_SQL
vendor_purchase_app_user,eqms_vendor_selection_criteria_evaluation_history,NO,YES,EXTRA_IN_SQL
vendor_purchase_app_user,eqms_vendor_selection_criteria_history,NO,YES,EXTRA_IN_SQL
vendor_purchase_app_user,eqms_vendor_selection_criteria_re_evaluation,NO,YES,EXTRA_IN_SQL
vendor_purchase_app_user,eqms_vendor_selection_criteria_re_evaluation_history,NO,YES,EXTRA_IN_SQL
vendor_purchase_app_user,eqms_vendor_selection_criteria_supporting_files,NO,YES,EXTRA_IN_SQL
vendor_purchase_app_user,eqms_vendor_selection_criteria_supporting_files_history,NO,YES,EXTRA_IN_SQL
vendor_purchase_app_user,eqms_vendor_selection_group_criteria_lk,NO,YES,EXTRA_IN_SQL
vendor_purchase_app_user,eqms_vendor_selection_group_criteria_lk_history,NO,YES,EXTRA_IN_SQL
vendor_purchase_app_user,eqms_vendor_selection_group_lk,NO,YES,EXTRA_IN_SQL
vendor_purchase_app_user,eqms_vendor_selection_group_lk_history,NO,YES,EXTRA_IN_SQL
vendor_purchase_app_user,eqms_vendor_type_lk,NO,YES,EXTRA_IN_SQL
vendor_purchase_app_user,eqms_vendors,NO,YES,EXTRA_IN_SQL
vendor_purchase_app_user,eqms_vendors_history,NO,YES,EXTRA_IN_SQL
vendor_purchase_app_user,eqms_verification_result_lk,NO,YES,EXTRA_IN_SQL
